gene_name,ensembl_id,top_cell_type,max_pip,twas_z_pop1,chrom,tx_start,tx_stop,block
SYNRG,ENSG00000275066,cd4_tcm,1.0,11.1,17,36514796.0,38609496.0,17:36141651-17:38653091
MAP3K8,ENSG00000107968,nk,1.0,5.03,10,29433936.0,31461833.0,10:30169909-10:31618591
KLF3,ENSG00000109787,nk,1.0,-8.34,4,37680586.0,39701042.0,4:37253425-4:38905401
LINC00299,ENSG00000236790,nk,1.0,6.35,2,7007770.0,9383621.0,2:8282017-2:10158342
LSM14A,ENSG00000257103,cd4_tcm,1.0,-7.03,19,33172503.0,35229515.0,19:32255614-19:33772047
ZFAND2A,ENSG00000178381,cd16_mono,1.0,5.05,7,152070.0,2160759.0,7:933116-7:1313431
BCLAF1,ENSG00000029363,treg,1.0,4.16,6,135256626.0,137289851.0,6:135903039-6:137293081
AHI1,ENSG00000135541,b_intermediate,1.0,-6.91,6,134283531.0,136497776.0,6:133923105-6:135903039
IL18R1,ENSG00000115604,nk_cd56bright,1.0,5.13,2,101355928.0,103398775.0,2:102072305-2:102971757
LITAF,ENSG00000189067,treg,1.0,12.5,16,10547721.0,12636381.0,16:10332175-16:11426305
MKRN1,ENSG00000133606,cd4_ctl,1.0,5.08,7,139453039.0,141479569.0,7:140535410-7:141526757
RNASET2,ENSG00000026297,nk_cd56bright,1.0,4.72,6,165929503.0,167957184.0,6:166611245-6:167642155
TAPBP,ENSG00000231925,treg,1.0,6.05,6,32299693.0,34314387.0,6:32714887-6:33268720
NSMCE1,ENSG00000169189,cd8_tcm,1.0,-7.91,16,26224990.0,28268794.0,16:25975541-16:27434434
CDK5RAP3,ENSG00000108465,mait,1.0,-8.4,17,46967809.0,48981772.0,17:44979537-17:47798656
DIAPH1,ENSG00000131504,mait,1.0,-6.43,5,140515015.0,142619055.0,5:141266403-5:143601683
HLA-DPB1,ENSG00000223865,cd4_tcm,1.0,0.556,6,32075925.0,34087201.0,6:31603441-6:32714887
SRM,ENSG00000116649,cd16_mono,1.0,-5.36,1,10054588.0,12060024.0,1:9305140-1:10746927
RCSD1,ENSG00000198771,cd4_ctl,0.999,5.27,1,166630092.0,168706249.0,1:166491280-1:169117086
TNFRSF18,ENSG00000186891,nk,0.999,-5.98,1,203507.0,2206691.0,1:10583-1:1961168
RPL19,ENSG00000108298,b_intermediate,0.999,5.4,17,38200282.0,40204727.0,17:38653091-17:40721152
COMMD3,ENSG00000148444,nk_cd56bright,0.999,-5.24,10,21315973.0,23320308.0,10:19427949-10:22483354
CDK2AP1,ENSG00000111328,cd16_mono,0.999,6.55,12,122261483.0,124272334.0,12:121569746-12:124493434
FNIP1,ENSG00000217128,nk,0.999,2.36,5,130641713.0,132797063.0,5:130183332-5:132803957
HLA-DPA1,ENSG00000231389,cd4_ctl,0.997,2.47,6,32064568.0,34073772.0,6:32714887-6:33268720
IRF1,ENSG00000125347,cd4_ctl,0.997,-6.58,5,131481608.0,133490798.0,5:130183332-5:132803957
KIAA2026,ENSG00000183354,nk_cd56bright,0.997,-4.82,9,4881595.0,7007825.0,9:4884926-9:6557589
PRKCQ-AS1,ENSG00000237943,cd4_naive,0.996,-5.08,10,5580418.0,7616452.0,10:5941799-10:7129522
RHOF,ENSG00000139725,cd8_tcm,0.996,-4.88,12,120793150.0,122800677.0,12:119316305-12:121569746
ACTR3,ENSG00000115091,cd4_tcm,0.996,-4.81,2,112889959.0,114962596.0,2:113164279-2:116014894
TNFAIP3,ENSG00000118503,cd4_naive,0.993,-4.68,6,136867187.0,138883312.0,6:137293081-6:138501492
HINT1,ENSG00000169567,cd4_naive,0.992,-5.5,5,130159026.0,132171735.0,5:130183332-5:132803957
SNRPD3,ENSG00000100028,b_memory,0.991,-4.63,22,23555502.0,25583749.0,22:24588236-22:26395662
GADD45B,ENSG00000099860,b_memory,0.987,4.55,19,1476126.0,3478259.0,19:2098397-19:3019662
CCR7,ENSG00000126353,b_intermediate,0.985,-5.75,17,39553768.0,41565472.0,17:38653091-17:40721152
CCDC88C,ENSG00000015133,cd4_tem,0.985,4.37,14,90271322.0,92417844.0,14:90830516-14:92665954
NAGA,ENSG00000198951,cd14_mono,0.983,5.82,22,41058456.0,43070842.0,22:40149793-22:42294812
PSMB3,ENSG00000277791,nk,0.981,-6.27,17,37752735.0,39764231.0,17:36141651-17:38653091
S100A11,ENSG00000163191,b_intermediate,0.978,-4.25,1,151032505.0,153047907.0,1:151566405-1:153208353
REL,ENSG00000162924,nk_cd56bright,0.976,-4.54,2,59881520.0,61925908.0,2:60064865-2:62201909
BACE2,ENSG00000182240,b_intermediate,0.969,-4.19,21,40167800.0,42282518.0,21:40017600-21:41901419
NFKBIZ,ENSG00000144802,b_intermediate,0.966,-5.16,3,100827990.0,102861022.0,3:100873373-3:103366116
SEC11A,ENSG00000140612,b_naive,0.959,-4.45,15,83669537.0,85716716.0,15:83591716-15:86109674
PCSK7,ENSG00000160613,cd4_tcm,0.959,5.16,11,116204782.0,118232525.0,11:116512631-11:117876395
RSRP1,ENSG00000117616,cd4_tem,0.959,-5.2,1,24242236.0,26337916.0,1:25190354-1:27075376
PNOC,ENSG00000168081,b_intermediate,0.956,4.04,8,27316985.0,29343355.0,8:28304875-8:29470379
S100A10,ENSG00000197747,cd4_tcm,0.956,-4.49,1,150982914.0,152994390.0,1:151566405-1:153208353
CPPED1,ENSG00000103381,cd16_mono,0.953,3.81,16,11659798.0,13804017.0,16:12519241-16:13060580
BTG2,ENSG00000159388,cd16_mono,0.953,4.3,1,202305490.0,204309602.0,1:201620847-1:203365606
SPCS1,ENSG00000114902,cd16_mono,0.951,-4.34,3,51704954.0,53708448.0,3:51797999-3:54047363
ALKBH5,ENSG00000091542,cd8_naive,0.938,-4.76,17,17183077.0,19209954.0,17:16509028-17:18953007
UQCRH,ENSG00000173660,cd4_naive,0.936,-4.43,1,45303630.0,47316776.0,1:46433829-1:47536904
LPP,ENSG00000145012,cd16_mono,0.93,-3.94,3,187208197.0,189890671.0,3:187172556-3:189138425
IL2RB,ENSG00000100385,nk_cd56bright,0.93,3.95,22,36125837.0,38175054.0,22:37174229-22:38911889
ISCA1,ENSG00000135070,nk,0.925,-3.83,9,85264545.0,87283102.0,9:85975502-9:87521331
TMBIM6,ENSG00000139644,cd14_mono,0.919,-4.4,12,48707724.0,50764934.0,12:48608083-12:51382710
HM13,ENSG00000101294,nk,0.917,4.3,20,30514427.0,32577923.0,20:25363595-20:33027017
VDAC2,ENSG00000165637,cd4_tcm,0.915,-4.14,10,74210153.0,76231448.0,10:73662792-10:76947056
UBE2E1,ENSG00000170142,b_memory,0.913,-3.68,3,22805902.0,24891316.0,3:22162752-3:23763374
FIBP,ENSG00000172500,nk,0.911,-2.09,11,64883920.0,66888539.0,11:64037097-11:66131160
PID1,ENSG00000153823,cd14_mono,0.905,-3.9,2,227850525.0,230271285.0,2:228506071-2:230978674
DDX6,ENSG00000110367,nk,0.903,5.38,11,117747765.0,119791147.0,11:117876395-11:119344766
PIP4K2A,ENSG00000150867,cd4_tcm,0.898,-4.03,10,21534848.0,23714555.0,10:22483354-10:22886203
PPP4C,ENSG00000149923,cd16_mono,0.898,4.33,16,29075977.0,31085377.0,16:29025292-16:31371622
HNRNPR,ENSG00000125944,cd4_naive,0.889,-4.46,1,22303770.0,24344336.0,1:22760390-1:23594100
ARPC4,ENSG00000241553,gdt,0.888,-3.93,3,8792783.0,10807726.0,3:9501499-3:10977979
RPS21,ENSG00000171858,nk,0.88,-4.45,20,61387115.0,63388520.0,20:60986668-20:62670503
PPP2R5A,ENSG00000066027,nk,0.879,4.01,1,211285536.0,213361863.0,1:210614406-1:212668988
ARHGAP30,ENSG00000186517,cd4_tcm,0.879,-3.94,1,160046947.0,162069970.0,1:159943258-1:162376931
SIAH2,ENSG00000181788,cd4_tcm,0.877,-3.81,3,149741126.0,151763477.0,3:150534217-3:151630942
TNFSF10,ENSG00000121858,cd16_mono,0.876,-3.69,3,171505507.0,173523507.0,3:171247120-3:172577941
COX4I1,ENSG00000131143,cd4_tem,0.858,4.19,16,84798632.0,86807044.0,16:85115079-16:86122993
ZFP36L2,ENSG00000152518,nk,0.856,-4.18,2,42222401.0,44226609.0,2:40054343-2:43082452
TPT1,ENSG00000133112,b_naive,0.85,4.13,13,44333470.0,46341344.0,13:44327273-13:45921079
CHP1,ENSG00000187446,cd16_mono,0.85,-4.23,15,40230838.0,42281890.0,15:40885316-15:42484201
NDUFS5,ENSG00000168653,nk,0.85,-4.03,1,38026317.0,40034636.0,1:38266175-1:39734895
CHST12,ENSG00000136213,mait,0.843,-3.62,7,1403559.0,3448483.0,7:1313431-7:2022763
USF2,ENSG00000105698,nk_cd56bright,0.842,4.42,19,34268977.0,36279815.0,19:33772047-19:35978393
NUB1,ENSG00000013374,cd4_naive,0.828,-3.96,7,150341698.0,152378449.0,7:150143569-7:151014417
PCMT1,ENSG00000120265,cd8_tem,0.828,-3.77,6,148749665.0,150811420.0,6:149932268-6:151591568
CNPY3,ENSG00000137161,mait,0.827,4.44,6,41929191.0,43939287.0,6:42070983-6:43788432
PRKD2,ENSG00000105287,b_memory,0.827,4.23,19,45674274.0,47717127.0,19:45599439-19:46646825
TNFAIP8,ENSG00000145779,cd4_naive,0.824,3.24,5,118268691.0,120399688.0,5:119273125-5:120333347
TMEM258,ENSG00000134825,cd4_tcm,0.813,-8.05,11,60768500.0,62792636.0,11:59013076-11:62456299
APMAP,ENSG00000101474,nk_cd56bright,0.807,-3.73,20,23962924.0,25992979.0,20:23313153-20:24737088
MFSD10,ENSG00000109736,nk_cd56bright,0.792,3.49,4,1930560.0,3934859.0,4:2841252-4:3844313
NUCB2,ENSG00000070081,cd8_tem,0.792,3.72,11,16208152.0,18349974.0,11:15721006-11:17556855
LBH,ENSG00000213626,cd4_tcm,0.789,4.62,2,29231530.0,31323730.0,2:30240845-2:31327584
IL32,ENSG00000008517,b_intermediate,0.784,-3.9,16,2065296.0,4082192.0,16:2714828-16:3951195
LINC01857,ENSG00000224137,b_naive,0.775,3.53,2,206662374.0,208667024.0,2:207780675-2:209076805
MEAF6,ENSG00000163875,nk,0.774,-4.88,1,36492574.0,38514774.0,1:37083582-1:38266175
ZBTB16,ENSG00000109906,nk,0.774,3.6,11,113059592.0,115250676.0,11:112588765-11:114387006
FUS,ENSG00000089280,b_memory,0.768,-5.06,16,30180109.0,32194871.0,16:29025292-16:31371622
BZW1,ENSG00000082153,cd8_tem,0.768,-3.89,2,199810593.0,201827338.0,2:200711561-2:201953914
SERBP1,ENSG00000142864,cd4_tem,0.765,3.54,1,66407809.0,68430415.0,1:66473721-1:68012212
CALM3,ENSG00000160014,treg,0.757,-4.14,19,45601235.0,47610793.0,19:45599439-19:46646825
SYPL1,ENSG00000008282,cd4_naive,0.755,3.52,7,105090502.0,107112576.0,7:104519078-7:106042459
SFT2D1,ENSG00000198818,gdt,0.751,3.44,6,165319727.0,167342591.0,6:165173375-6:166611245
UBAC2,ENSG00000134882,cd16_mono,0.738,3.59,13,98200773.0,100386434.0,13:98286665-13:99921841
R3HDM2,ENSG00000179912,cd14_mono,0.736,6.16,12,56253763.0,58431005.0,12:57155077-12:58914885
PCNP,ENSG00000081154,cd8_naive,0.733,4.54,3,100574094.0,102594437.0,3:100873373-3:103366116
COX19,ENSG00000240230,cd4_naive,0.732,3.6,7,-33926.0,1975599.0,7:16161-7:933116
CNOT7,ENSG00000198791,nk_cd56bright,0.724,-3.34,8,16224963.0,18246570.0,8:16134151-8:17530367
FBXL15,ENSG00000107872,nk,0.722,-3.89,10,101419188.0,103423136.0,10:101189482-10:102620653
GRAP2,ENSG00000100351,cd8_naive,0.713,-3.84,22,38901081.0,40973721.0,22:40149793-22:42294812
PTPRA,ENSG00000132670,cd4_naive,0.712,-3.56,20,1873419.0,4039076.0,20:2488855-20:3847766
ARPC5,ENSG00000162704,cd4_tem,0.705,-3.51,1,182620845.0,184635757.0,1:182786221-1:184626379
RUNX3,ENSG00000020633,nk,0.704,3.9,1,23899510.0,25965121.0,1:23594100-1:25190354
COPS9,ENSG00000172428,b_naive,0.694,-3.44,2,239126562.0,241136807.0,2:239030947-2:240620667
GLG1,ENSG00000090863,nk,0.687,-3.6,16,73447426.0,75607144.0,16:72901251-16:74937605
TUBA1A,ENSG00000167552,nk_cd56bright,0.687,-4.0,12,48184795.0,50189324.0,12:48608083-12:51382710
BSDC1,ENSG00000160058,cd4_tem,0.682,4.09,1,31365102.0,33394448.0,1:31973084-1:34334157
PSMA3-AS1,ENSG00000257621,cd4_ctl,0.676,-3.51,14,57265364.0,59295811.0,14:57014544-14:58981618
NSRP1,ENSG00000126653,cd14_mono,0.672,3.87,17,29115520.0,31186475.0,17:29007226-17:31459473
TSPYL1,ENSG00000189241,b_memory,0.671,-3.43,6,115276577.0,117279903.0,6:115810232-6:117351809
ATP6V1F,ENSG00000128524,cd4_tcm,0.671,3.67,7,127862825.0,129865844.0,7:127229167-7:129138332
TALDO1,ENSG00000177156,cd16_mono,0.664,-3.67,11,-252672.0,1765024.0,11:70855-11:1192365
ZBTB38,ENSG00000177311,cd4_tem,0.663,3.27,3,140324212.0,142449792.0,3:140235755-3:141620255
SECISBP2,ENSG00000187742,cd4_tem,0.663,-3.6,9,88318505.0,90359662.0,9:87521331-9:89827251
CCM2,ENSG00000136280,nk,0.661,-3.47,7,43999474.0,46076469.0,7:44724229-7:45913323
MDH1,ENSG00000014641,cd4_tcm,0.657,4.32,2,62588799.0,64607197.0,2:62201909-2:64398779
ZFP36L1,ENSG00000185650,b_naive,0.653,2.34,14,67787659.0,69796253.0,14:67525600-14:70665240
DPY30,ENSG00000162961,cd8_tcm,0.647,-3.54,2,31011885.0,33039812.0,2:31327584-2:33138710
NUDT16L1,ENSG00000168101,nk,0.646,3.78,16,3693693.0,5695859.0,16:3951195-16:5068344
SYTL1,ENSG00000142765,cd4_tem,0.645,3.69,1,26342019.0,28353932.0,1:25190354-1:27075376
SQSTM1,ENSG00000161011,mait,0.641,-3.45,5,178806397.0,180837265.0,5:178986463-5:179974244
UBXN1,ENSG00000162191,treg,0.639,3.6,11,61676497.0,63679117.0,11:59013076-11:62456299
CAT,ENSG00000121691,b_intermediate,0.629,-3.46,11,33438924.0,35472062.0,11:33937192-11:35481057
CD83,ENSG00000112149,b_memory,0.624,3.45,6,13117255.0,15136918.0,6:13209156-6:14802693
MANF,ENSG00000145050,gdt,0.62,-4.84,3,50385046.0,52389397.0,3:49279539-3:51797999
RORA,ENSG00000069667,cd4_tcm,0.61,3.32,15,59488283.0,62229319.0,15:60973637-15:62923023
SYF2,ENSG00000117614,cd4_ctl,0.609,4.8,1,24222678.0,26232502.0,1:25190354-1:27075376
DEDD2,ENSG00000160570,nk,0.606,3.48,19,41198597.0,43220140.0,19:41625199-19:43358303
EPC1,ENSG00000120616,cd4_tem,0.605,3.04,10,31267750.0,33378798.0,10:31618591-10:33419040
TAF11,ENSG00000064995,nk,0.604,-3.58,6,33877777.0,35888089.0,6:33268720-6:35487979
FCER1G,ENSG00000158869,cd16_mono,0.591,7.74,1,160215233.0,162220699.0,1:159943258-1:162376931
PIK3IP1,ENSG00000100100,cd4_naive,0.59,-3.66,22,30281592.0,32292498.0,22:29255810-22:31043932
TMX4,ENSG00000125827,gdt,0.579,-2.99,20,6977347.0,9019829.0,20:7103426-20:8136364
JTB,ENSG00000143543,cd16_mono,0.571,3.8,1,152974363.0,154977688.0,1:153208353-1:154797927
CTSW,ENSG00000172543,nk,0.57,-2.44,11,64879808.0,66883741.0,11:64037097-11:66131160
STIM2,ENSG00000109689,cd8_naive,0.566,3.16,4,25857677.0,28025381.0,4:25607700-4:27342100
RHOH,ENSG00000168421,cd4_tem,0.566,-3.45,4,39191052.0,41246967.0,4:38905401-4:40200989
SSR1,ENSG00000124783,nk,0.557,-3.14,6,6268305.0,8347446.0,6:6784974-6:7808703
SP100,ENSG00000067066,cd4_ctl,0.557,3.36,2,229415941.0,231544090.0,2:228506071-2:230978674
TRPV2,ENSG00000187688,cd16_mono,0.549,-5.75,17,15417561.0,17437003.0,17:15115780-17:16509028
WBP11,ENSG00000084463,cd8_tcm,0.549,3.47,12,13784578.0,15803540.0,12:12580594-12:15088550
MFSD14B,ENSG00000148110,cd16_mono,0.545,3.44,9,93374550.0,95461042.0,9:93909416-9:96159758
PDLIM2,ENSG00000120913,treg,0.545,-3.2,8,21578278.0,23598025.0,8:23039544-8:24817205
TPST2,ENSG00000128294,cd14_mono,0.544,3.24,22,25521982.0,27596717.0,22:26395662-22:27438791
SNX3,ENSG00000112335,cd16_mono,0.542,3.37,6,107211221.0,109261260.0,6:108143176-6:109983044
ROCK1,ENSG00000067900,cd8_tem,0.541,3.67,18,19946905.0,22111851.0,18:14440800-18:21905883
RCN2,ENSG00000117906,cd4_ctl,0.541,-4.17,15,75931618.0,77954392.0,15:76106283-15:78223711
ADAR,ENSG00000160710,b_memory,0.538,5.22,1,153582061.0,155627999.0,1:153208353-1:154797927
ARHGDIB,ENSG00000111348,cd4_tem,0.537,2.93,12,13942016.0,15961728.0,12:15088550-12:16157526
SDHB,ENSG00000117118,cd4_naive,0.537,3.54,1,16018721.0,18054170.0,1:16571235-1:18336405
ABTB1,ENSG00000114626,cd14_mono,0.535,-2.88,3,126672934.0,128680920.0,3:126496100-3:128476018
ARPC3,ENSG00000111229,b_naive,0.533,-3.62,12,109434824.0,111450407.0,12:109898914-12:112825713
GIMAP1,ENSG00000213203,cd4_tem,0.532,3.69,7,149716556.0,151724284.0,7:150143569-7:151014417
DCTN2,ENSG00000175203,cd16_mono,0.53,5.87,12,56530148.0,58547331.0,12:57155077-12:58914885
TMEM9B,ENSG00000175348,cd8_naive,0.525,3.34,11,7947293.0,9964674.0,11:8311727-11:9065770
RPL31,ENSG00000071082,cd14_mono,0.524,3.39,2,100002244.0,102024032.0,2:98378738-2:101205867
USP8,ENSG00000138592,b_intermediate,0.52,-3.29,15,49424379.0,51514419.0,15:49715846-15:51385363
ADAM19,ENSG00000135074,b_naive,0.517,-4.44,5,156395595.0,158575775.0,5:155946495-5:157201689
RAB6A,ENSG00000175582,gdt,0.516,-3.65,11,72675637.0,74761137.0,11:72574973-11:74701306
RAB8A,ENSG00000167461,b_intermediate,0.513,-3.67,19,15111628.0,17134027.0,19:16263605-19:18299052
CHURC1,ENSG00000258289,b_naive,0.511,3.32,14,63914360.0,65944591.0,14:64753580-14:65932837
TUBA4A,ENSG00000127824,cd14_mono,0.51,-3.05,2,218250337.0,220278170.0,2:219589829-2:221656456
ACTB,ENSG00000075624,cd14_mono,0.51,-3.01,7,4527150.0,6563784.0,7:4533797-7:5376601
C16orf74,ENSG00000154102,b_naive,0.509,-3.86,16,84690083.0,86751129.0,16:85115079-16:86122993
CACYBP,ENSG00000116161,cd14_mono,0.507,4.06,1,173999162.0,176011672.0,1:173128768-1:175120632
ARRB2,ENSG00000141480,cd4_naive,0.498,-3.32,17,3710488.0,5721499.0,17:3799018-17:4792966
CCDC115,ENSG00000136710,nk_cd56bright,0.497,0.167,2,129338240.0,131342224.0,2:129309597-2:129900512
RPL5,ENSG00000122406,cd8_tcm,0.487,3.28,1,91832024.0,93841924.0,1:91420760-1:93070902
SMARCA2,ENSG00000080503,nk_cd56bright,0.487,-2.16,9,980289.0,3193624.0,9:1079707-9:1916877
PARK7,ENSG00000116288,nk,0.486,-3.81,1,6954290.0,8985505.0,1:7187275-1:9305140
PTPRC,ENSG00000081237,nk,0.483,-3.19,1,197638670.0,199757283.0,1:197342384-1:199270756
CLPTM1,ENSG00000104853,cd16_mono,0.482,-3.48,19,43954590.0,45993341.0,19:44239955-19:45599439
CD247,ENSG00000198821,cd4_naive,0.482,-8.04,1,166430639.0,168518610.0,1:166491280-1:169117086
MRPL21,ENSG00000197345,cd16_mono,0.479,3.59,11,67891275.0,69903835.0,11:68238358-11:69701362
CRTAP,ENSG00000170275,cd14_mono,0.478,-3.0,3,32113978.0,34147773.0,3:33214100-3:35241966
EMC3,ENSG00000125037,b_memory,0.475,2.95,3,8962539.0,10986892.0,3:8606875-3:9501499
SPINT2,ENSG00000167642,cd16_mono,0.474,-3.79,19,37244034.0,39292614.0,19:37036131-19:39679979
PPP1R12A,ENSG00000058272,b_memory,0.467,3.24,12,78773562.0,80934900.0,12:78176790-12:80054370
TSPAN3,ENSG00000140391,b_memory,0.467,-3.98,15,76041403.0,78083984.0,15:76106283-15:78223711
TNFRSF25,ENSG00000215788,cd4_tcm,0.464,-3.12,1,5461150.0,7466091.0,1:5853833-1:7187275
SPG7,ENSG00000197912,cd8_naive,0.459,3.44,16,88490916.0,90557768.0,16:88974757-16:90226404
SF3A2,ENSG00000104897,gdt,0.459,-3.73,19,1237793.0,3248679.0,19:610729-19:2098397
PABPC1,ENSG00000070756,cd8_tem,0.457,2.78,8,99685815.0,101722809.0,8:100608730-8:103111078
NCK1,ENSG00000158092,gdt,0.456,3.04,3,135862207.0,137949823.0,3:135738064-3:137652241
CFDP1,ENSG00000153774,cd4_tem,0.454,-3.47,16,74293697.0,76433485.0,16:74937605-16:75944056
RNF149,ENSG00000163162,cd8_tcm,0.445,2.91,2,100271218.0,102308701.0,2:101205867-2:102072305
MAX,ENSG00000125952,cd8_naive,0.441,3.25,14,64006173.0,66102695.0,14:63323296-14:64753580
ERH,ENSG00000100632,cd8_tcm,0.438,-3.32,14,68380122.0,70398627.0,14:67525600-14:70665240
CYFIP2,ENSG00000055163,b_naive,0.437,3.61,5,156266078.0,158395533.0,5:155946495-5:157201689
TOMM22,ENSG00000100216,cd4_tcm,0.434,3.35,22,37681947.0,39685421.0,22:37174229-22:38911889
WAC-AS1,ENSG00000254635,cd16_mono,0.433,-3.51,10,27522651.0,29532492.0,10:26599755-10:29034307
PHF14,ENSG00000106443,cd4_tcm,0.428,3.2,7,9973871.0,12169630.0,7:9947872-7:11259571
SIPA1,ENSG00000213445,cd8_tcm,0.425,3.73,11,64638096.0,66650930.0,11:64037097-11:66131160
CWF19L2,ENSG00000152404,treg,0.425,-2.86,11,106326344.0,108457844.0,11:106650168-11:107973474
TPM3,ENSG00000143549,cd14_mono,0.424,5.01,1,153155303.0,155194648.0,1:153208353-1:154797927
PATL2,ENSG00000229474,gdt,0.422,-3.38,15,43665731.0,45711316.0,15:43905851-15:46326589
TOP1,ENSG00000198900,nk,0.418,-2.87,20,40028817.0,42124487.0,20:40982216-20:41957049
OS9,ENSG00000135506,nk,0.418,-3.36,12,56693954.0,58721557.0,12:57155077-12:58914885
LETMD1,ENSG00000050426,cd8_naive,0.413,-2.98,12,50047961.0,52060424.0,12:48608083-12:51382710
TMEM170B,ENSG00000205269,cd14_mono,0.411,2.65,6,10538277.0,12583524.0,6:11790583-6:13209156
EOMES,ENSG00000163508,cd8_tem,0.409,3.12,3,26715948.0,28722711.0,3:26836278-3:27799419
CMC1,ENSG00000187118,cd4_ctl,0.408,3.11,3,27241594.0,29325142.0,3:26836278-3:27799419
SOCS3,ENSG00000184557,cd8_tcm,0.407,3.13,17,77356777.0,79360077.0,17:78267332-17:79302554
CLNS1A,ENSG00000074201,cd4_tem,0.405,4.48,11,76514935.0,78637805.0,11:77086163-11:78644013
PTPN22,ENSG00000134242,mait,0.401,3.4,1,112813810.0,114871759.0,1:112730684-1:114331223
EIF4A1,ENSG00000161960,cd8_tem,0.4,3.82,17,6572705.0,8579005.0,17:7414079-17:8403107
RSF1,ENSG00000048649,treg,0.397,4.48,11,76659995.0,78821017.0,11:77086163-11:78644013
KLF6,ENSG00000067082,cd4_naive,0.396,-3.16,10,2775995.0,4785281.0,10:3310507-10:4530082
PRDM2,ENSG00000116731,cd4_tcm,0.393,-3.22,1,12700197.0,14825079.0,1:12719464-1:14565015
HNRNPUL1,ENSG00000105323,b_memory,0.392,3.33,19,40262495.0,42307598.0,19:40478694-19:41625199
RGS10,ENSG00000148908,cd8_tcm,0.39,3.11,10,118499827.0,120542708.0,10:118831841-10:120647811
CYBA,ENSG00000051523,nk,0.385,3.36,16,87643282.0,89651152.0,16:88974757-16:90226404
HINT2,ENSG00000137133,b_memory,0.383,-3.4,9,34812959.0,36815354.0,9:34642246-9:36743286
EZR,ENSG00000092820,cd4_tcm,0.381,3.43,6,157765740.0,159819412.0,6:157797687-6:160159465
MARK3,ENSG00000075413,cd14_mono,0.375,3.35,14,102385391.0,104503831.0,14:102545765-14:104535386
POP7,ENSG00000172336,cd14_mono,0.374,-3.68,7,99706052.0,101707495.0,7:99117851-7:100599028
GCHFR,ENSG00000137880,cd4_naive,0.372,-3.08,15,39764019.0,41764608.0,15:40091931-15:40885316
PGLS,ENSG00000130313,b_intermediate,0.371,-3.5,19,16511889.0,18521288.0,19:16263605-19:18299052
ITGB1,ENSG00000150093,gdt,0.37,-3.11,10,31900318.0,34005792.0,10:31618591-10:33419040
BCAS2,ENSG00000116752,nk,0.369,3.37,1,113567556.0,115581639.0,1:112730684-1:114331223
TMCO1,ENSG00000143183,b_memory,0.367,2.97,1,164724292.0,166827530.0,1:165222465-1:166491280
SERPINB6,ENSG00000124570,nk,0.364,3.01,6,1948158.0,3972165.0,6:2458702-6:3573359
MITD1,ENSG00000158411,cd8_tcm,0.359,-3.37,2,98161426.0,100181058.0,2:98378738-2:101205867
MTERF4,ENSG00000122085,cd4_tem,0.357,2.79,2,240072168.0,242102332.0,2:240620667-2:241210506
OAS1,ENSG00000089127,cd16_mono,0.356,-2.94,12,111906776.0,113933222.0,12:112825713-12:113548904
ENO1,ENSG00000074800,cd4_tcm,0.356,-3.62,1,7861001.0,9879249.0,1:7187275-1:9305140
EMC8,ENSG00000131148,cd16_mono,0.355,-3.51,16,84771757.0,86799608.0,16:85115079-16:86122993
ENTPD1,ENSG00000138185,b_intermediate,0.355,-2.97,10,94711778.0,96869695.0,10:94461486-10:96062600
PRDX6,ENSG00000117592,cd4_tem,0.354,3.12,1,172477265.0,174488807.0,1:170588635-1:173128768
TECR,ENSG00000099797,b_naive,0.353,-3.31,19,13533932.0,15565980.0,19:14375535-19:15537799
SNX2,ENSG00000205302,b_intermediate,0.349,2.93,5,121774995.0,123830108.0,5:121116471-5:123221211
ANKRD44,ENSG00000065413,b_intermediate,0.344,-2.8,2,195967016.0,198311173.0,2:195582732-2:197213386
RPL15,ENSG00000174748,cd4_tem,0.343,-2.59,3,22916715.0,24923692.0,3:22162752-3:23763374
APRT,ENSG00000198931,cd4_naive,0.341,3.2,16,87809338.0,89811944.0,16:87613743-16:88974757
ZDHHC12,ENSG00000160446,cd16_mono,0.339,-3.37,9,127720918.0,129724127.0,9:127293231-9:129403191
LCP1,ENSG00000136167,cd14_mono,0.337,-2.85,13,45125919.0,47211871.0,13:45921079-13:46856944
PABPC4,ENSG00000090621,cd4_tcm,0.335,-3.39,1,38560815.0,40576790.0,1:39734895-1:41509656
PPP1R2,ENSG00000184203,cd14_mono,0.334,3.12,3,194514424.0,196543386.0,3:195065945-3:196244537
HADHA,ENSG00000084754,cd8_naive,0.333,3.12,2,25190634.0,27244726.0,2:24464049-2:26672117
TBCC,ENSG00000124659,gdt,0.332,-4.11,6,41744480.0,43746096.0,6:42070983-6:43788432
THOC7,ENSG00000163634,mait,0.331,-2.54,3,62833869.0,64863903.0,3:62369991-3:63683610
DECR1,ENSG00000104325,nk,0.329,2.26,8,89001404.0,91052092.0,8:88073253-8:89625933
ZEB2,ENSG00000169554,gdt,0.328,2.73,2,143364363.0,145524583.0,2:143761915-2:145688002
ATOX1,ENSG00000177556,nk,0.326,3.05,5,150742315.0,152758779.0,5:151181737-5:153488214
NEMF,ENSG00000165525,cd16_mono,0.322,3.46,14,48782082.0,50853203.0,14:48536268-14:50041042
VSTM1,ENSG00000189068,cd16_mono,0.321,3.41,19,53040824.0,55063953.0,19:52482037-19:54099074
LLPH,ENSG00000139233,gdt,0.32,-2.94,12,65116554.0,67130750.0,12:65165915-12:66787364
DOCK8,ENSG00000107099,nk,0.315,-2.83,9,-779253.0,1465259.0,9:10023-9:1079707
PAFAH1B1,ENSG00000007168,b_naive,0.315,3.27,17,1593209.0,3685615.0,17:2025437-17:3799018
SNRK,ENSG00000163788,cd8_naive,0.314,-3.23,3,42286511.0,44424764.0,3:42498510-3:45123661
YWHAQ,ENSG00000134308,cd4_ctl,0.312,-3.23,2,8583971.0,10631014.0,2:8282017-2:10158342
BCCIP,ENSG00000107949,cd16_mono,0.309,-3.0,10,124823545.0,126853695.0,10:124109830-10:126312529
IL16,ENSG00000172349,cd4_tcm,0.309,-3.25,15,80159574.0,82314058.0,15:80568637-15:83591716
SRRM1,ENSG00000133226,cd4_tcm,0.307,2.36,1,23631715.0,25673267.0,1:23594100-1:25190354
PTGER4,ENSG00000171522,cd4_tcm,0.306,-2.7,5,39679497.0,41693735.0,5:40287627-5:41888608
HNRNPM,ENSG00000099783,cd8_tem,0.306,3.06,19,7455404.0,9489114.0,19:8282629-19:9127717
PSTPIP1,ENSG00000140368,cd8_tcm,0.299,-3.76,15,75993358.0,78037332.0,15:76106283-15:78223711
SMAP1,ENSG00000112305,cd16_mono,0.299,2.79,6,69667775.0,71862015.0,6:68813556-6:70899807
RBPJ,ENSG00000168214,cd4_tcm,0.298,-2.64,4,25163454.0,27435131.0,4:25607700-4:27342100
ELF1,ENSG00000120690,cd4_tcm,0.297,2.91,13,39932027.0,42061273.0,13:38304026-13:40495126
VAMP8,ENSG00000118640,cd16_mono,0.296,-3.51,2,84561561.0,86582031.0,2:84913556-2:87738988
MLLT6,ENSG00000275023,cd4_tem,0.295,2.94,17,37705541.0,39729803.0,17:36141651-17:38653091
ID2,ENSG00000115738,cd8_tem,0.293,2.91,2,7678853.0,9684453.0,2:8282017-2:10158342
IAH1,ENSG00000134330,cd8_naive,0.293,3.21,2,8473657.0,10496543.0,2:8282017-2:10158342
CAP1,ENSG00000131236,cd4_naive,0.292,2.74,1,39040232.0,41072649.0,1:38266175-1:39734895
TEX264,ENSG00000164081,b_memory,0.291,4.79,3,50671174.0,52704323.0,3:49279539-3:51797999
SLC25A37,ENSG00000147454,b_memory,0.29,2.69,8,22528804.0,24575463.0,8:23039544-8:24817205
MAD1L1,ENSG00000002822,cd16_mono,0.29,-2.69,7,815792.0,3233243.0,7:2022763-7:2732593
RAB11B,ENSG00000185236,cd8_tem,0.288,3.03,19,7389980.0,9404434.0,19:8282629-19:9127717
CDKN1B,ENSG00000111276,cd4_tcm,0.288,2.58,12,11715057.0,13722371.0,12:11601912-12:12580594
CCDC66,ENSG00000180376,treg,0.284,-2.84,3,55557160.0,57619901.0,3:56399879-3:58171792
COPE,ENSG00000105669,nk_cd56bright,0.282,2.41,19,17899513.0,19919397.0,19:18299052-19:19766662
MPC1,ENSG00000060762,b_intermediate,0.281,2.43,6,165364918.0,167383013.0,6:165173375-6:166611245
CSRNP1,ENSG00000144655,mait,0.28,-2.93,3,38141854.0,40146722.0,3:38314625-3:40179807
MED10,ENSG00000133398,cd4_tcm,0.277,-2.65,5,5371880.0,7378594.0,5:5973120-5:7143105
TMEM50A,ENSG00000183726,cd4_tem,0.274,-3.22,1,24338213.0,26362248.0,1:25190354-1:27075376
CRIP1,ENSG00000213145,cd14_mono,0.273,3.19,14,104486316.0,106488947.0,14:104535386-14:105874495
SNX17,ENSG00000115234,b_naive,0.272,-3.13,2,26370495.0,28377230.0,2:26672117-2:28375910
MRPL23,ENSG00000214026,gdt,0.271,-3.33,11,947277.0,2972793.0,11:1192365-11:3644251
TNFRSF14,ENSG00000157873,nk_cd56bright,0.27,-3.07,1,1556696.0,3565382.0,1:1961168-1:3666172
YBX1,ENSG00000065978,nk,0.267,-2.98,1,41682426.0,43702349.0,1:41509656-1:43292786
RPL41,ENSG00000229117,cd4_naive,0.267,-3.96,12,55116585.0,57117943.0,12:55272053-12:57155077
TTC1,ENSG00000113312,treg,0.266,-2.75,5,159009112.0,161065543.0,5:159398690-5:160546937
EVI2B,ENSG00000185862,nk,0.266,-2.9,17,30303765.0,32314112.0,17:29007226-17:31459473
RBM6,ENSG00000004534,cd4_tcm,0.265,-4.65,3,48940006.0,51077252.0,3:49279539-3:51797999
UBC,ENSG00000150991,cd8_naive,0.263,2.78,12,123911603.0,125917368.0,12:124493434-12:125960959
MFF,ENSG00000168958,cd8_naive,0.262,-2.62,2,226325164.0,228357836.0,2:227255126-2:228506071
CIRBP,ENSG00000099622,cd8_tcm,0.261,-4.88,19,259383.0,2274880.0,19:610729-19:2098397
SZRD1,ENSG00000055070,cd14_mono,0.26,-3.26,1,15352574.0,17398145.0,1:14565015-1:16571235
ETS1,ENSG00000134954,cd4_naive,0.257,1.31,11,127458760.0,129587558.0,11:127446784-11:128318642
STRBP,ENSG00000165209,b_intermediate,0.257,3.01,9,122115763.0,124268576.0,9:122109043-9:124209608
FDX1,ENSG00000137714,mait,0.254,-2.36,11,109429882.0,111464881.0,11:109995390-11:111243672
PTP4A2,ENSG00000184007,gdt,0.254,4.32,1,30906420.0,32944856.0,1:31973084-1:34334157
C1D,ENSG00000197223,gdt,0.253,-1.94,2,67041129.0,69110948.0,2:66999034-2:67783044
GAS5,ENSG00000234741,gdt,0.252,-3.87,1,172863941.0,174868882.0,1:173128768-1:175120632
ETFA,ENSG00000140374,cd8_tem,0.251,2.92,15,75215354.0,77311472.0,15:76106283-15:78223711
BRK1,ENSG00000254999,cd4_ctl,0.25,2.85,3,9115591.0,11127190.0,3:9501499-3:10977979
ACAT1,ENSG00000075239,cd4_naive,0.25,-2.3,11,107121750.0,109147776.0,11:107973474-11:108566310
PPIE,ENSG00000084072,nk_cd56bright,0.25,-3.3,1,38692181.0,40763914.0,1:39734895-1:41509656
GOLPH3,ENSG00000113384,cd14_mono,0.25,-2.92,5,31124703.0,33174350.0,5:31390142-5:33500075
RPL27,ENSG00000131469,cd16_mono,0.249,-3.27,17,41998272.0,44002959.0,17:41743558-17:43694719
TTC3,ENSG00000182670,cd8_tem,0.246,2.62,21,36073225.0,38203112.0,21:36498481-21:37339402
IRF2BP2,ENSG00000168264,cd8_naive,0.246,2.9,1,233604268.0,235609525.0,1:234463688-1:235656136
TAF3,ENSG00000165632,cd16_mono,0.244,-2.66,10,6818503.0,9016627.0,10:7129522-10:8732702
ZDHHC21,ENSG00000175893,b_intermediate,0.243,2.73,9,13611070.0,15693471.0,9:12276489-9:14836365
NDUFA2,ENSG00000131495,cd14_mono,0.242,-3.2,5,139638739.0,141647769.0,5:139885487-5:141266403
CUTA,ENSG00000112514,cd16_mono,0.241,-2.99,6,32416453.0,34418317.0,6:33268720-6:35487979
C11orf1,ENSG00000137720,cd8_naive,0.24,3.14,11,110878934.0,112885975.0,11:111243672-11:112588765
BTN3A2,ENSG00000186470,gdt,0.24,-4.56,6,25365158.0,27378320.0,6:25684359-6:26791023
CASP8,ENSG00000064012,cd8_tem,0.232,-3.01,2,200233442.0,202287711.0,2:200711561-2:201953914
LSM10,ENSG00000181817,b_naive,0.231,-3.07,1,35391237.0,37397892.0,1:34334157-1:37083582
JCHAIN,ENSG00000132465,b_naive,0.23,-2.58,4,69655540.0,71681817.0,4:70183435-4:71274841
KIF5B,ENSG00000170759,cd4_tcm,0.229,2.2,10,31009009.0,33056431.0,10:31618591-10:33419040
STOML2,ENSG00000165283,nk_cd56bright,0.227,3.25,9,34099775.0,36103195.0,9:34642246-9:36743286
SNHG8,ENSG00000269893,b_naive,0.226,2.64,4,117278708.0,119279823.0,4:117558763-4:119012357
MFNG,ENSG00000100060,nk,0.226,-3.2,22,36469062.0,38486401.0,22:37174229-22:38911889
IFITM1,ENSG00000185885,cd4_tem,0.226,3.0,11,-686495.0,1314456.0,11:70855-11:1192365
GGA1,ENSG00000100083,gdt,0.226,-3.2,22,36608474.0,38633564.0,22:37174229-22:38911889
CDC42,ENSG00000070831,cd4_ctl,0.226,-3.22,1,21052626.0,23092946.0,1:21410095-1:22760390
CCDC18-AS1,ENSG00000223745,b_naive,0.225,3.6,1,92262185.0,94345887.0,1:93070902-1:94040635
TRMT10C,ENSG00000174173,cd4_naive,0.223,-4.16,3,100561861.0,102566446.0,3:100873373-3:103366116
SRP72,ENSG00000174780,b_intermediate,0.222,-2.86,4,55466914.0,57503107.0,4:55681477-4:58068842
TOMM6,ENSG00000214736,b_intermediate,0.222,3.01,6,40787661.0,42789895.0,6:40377376-6:42070983
SNU13,ENSG00000100138,nk_cd56bright,0.222,3.38,22,40673929.0,42690504.0,22:40149793-22:42294812
PARP8,ENSG00000151883,mait,0.221,-2.52,5,49665898.0,51846522.0,5:43983397-5:50867564
CD6,ENSG00000013725,cd4_tem,0.221,3.37,11,59971679.0,62020377.0,11:59013076-11:62456299
CORO7,ENSG00000262246,cd4_tcm,0.219,3.02,16,3354541.0,5425705.0,16:2714828-16:3951195
NOL7,ENSG00000225921,cd4_tcm,0.219,2.86,6,12615326.0,14621205.0,6:13209156-6:14802693
PRMT2,ENSG00000160310,b_naive,0.215,-2.58,21,45635166.0,47665124.0,21:46072312-21:46699840
GNB2,ENSG00000172354,nk,0.215,-3.52,7,99673530.0,101679174.0,7:99117851-7:100599028
C4orf3,ENSG00000164096,cd8_naive,0.214,2.59,4,118296418.0,120304445.0,4:117558763-4:119012357
GLRX3,ENSG00000108010,cd16_mono,0.214,1.99,10,129136398.0,131184521.0,10:129943063-10:130781981
SSBP4,ENSG00000130511,nk,0.214,-3.0,19,17418863.0,19434387.0,19:18299052-19:19766662
ENY2,ENSG00000120533,b_naive,0.21,-2.3,8,108334385.0,110345953.0,8:108235944-8:109472085
FTH1,ENSG00000167996,nk_cd56bright,0.21,-5.5,11,60959717.0,62967660.0,11:59013076-11:62456299
SNW1,ENSG00000100603,cd16_mono,0.21,2.17,14,76717598.0,78761207.0,14:78095602-14:79720236
AKIRIN1,ENSG00000174574,gdt,0.208,2.67,1,37991222.0,40006059.0,1:38266175-1:39734895
OTUD6B-AS1,ENSG00000253738,cd8_naive,0.207,2.79,8,90059908.0,92070189.0,8:89625933-8:92542158
NOP56,ENSG00000101361,nk_cd56bright,0.207,-2.51,20,1652144.0,3658393.0,20:2488855-20:3847766
SLC38A2,ENSG00000134294,mait,0.206,2.61,12,45358188.0,47372867.0,12:45630446-12:47321010
PILRA,ENSG00000085514,cd16_mono,0.205,-3.51,7,99373444.0,101400099.0,7:99117851-7:100599028
RPL4,ENSG00000174444,treg,0.205,-2.96,15,65498014.0,67524532.0,15:64812469-15:66802429
RNASEK,ENSG00000219200,b_memory,0.204,3.69,17,6012416.0,8014494.0,17:5838014-17:7414079
YWHAE,ENSG00000108953,cd8_naive,0.203,2.6,17,344271.0,2400378.0,17:1269105-17:2025437
ADCY7,ENSG00000121281,nk,0.203,-3.08,16,49246136.0,51313036.0,16:48974015-16:52001911
DNAJC15,ENSG00000120675,cd8_tem,0.201,2.87,13,42023202.0,44114224.0,13:42526891-13:44327273
POLR2E,ENSG00000099817,cd4_tcm,0.2,2.9,19,86628.0,2095380.0,19:610729-19:2098397
KDELR2,ENSG00000136240,cd8_tem,0.2,4.14,7,5461080.0,7484242.0,7:5814895-7:6534226
GPR108,ENSG00000125734,cd4_ctl,0.2,3.04,19,5729913.0,7737603.0,19:6684874-19:8282629
SLC3A2,ENSG00000168003,cd4_tcm,0.198,-3.07,11,61856101.0,63888875.0,11:62456299-11:64037097
SDHA,ENSG00000073578,cd8_tcm,0.195,2.36,5,-781760.0,1256700.0,5:11940-5:982137
SELENOT,ENSG00000198843,cd8_tcm,0.193,-2.73,3,149602874.0,151630445.0,3:149325450-3:150534217
TGOLN2,ENSG00000152291,gdt,0.193,3.32,2,84318019.0,86328425.0,2:84913556-2:87738988
HCLS1,ENSG00000180353,cd4_tem,0.193,2.47,3,120631398.0,122660927.0,3:120804208-3:122255250
MIDN,ENSG00000167470,cd8_tem,0.192,-4.77,19,248552.0,2259140.0,19:610729-19:2098397
RPS15,ENSG00000115268,cd4_naive,0.192,4.77,19,438357.0,2440494.0,19:610729-19:2098397
EID1,ENSG00000255302,cd4_tcm,0.192,2.73,15,47878054.0,49880183.0,15:47843851-15:49715846
MAP4K4,ENSG00000071054,cd14_mono,0.191,-2.49,2,100696849.0,102894689.0,2:101205867-2:102072305
DAP,ENSG00000112977,b_memory,0.191,-2.77,5,9679229.0,11761272.0,5:9718720-5:11173159
SSBP2,ENSG00000145687,nk_cd56bright,0.191,-2.37,5,80413020.0,82751797.0,5:81185652-5:82729829
ARID5B,ENSG00000150347,treg,0.19,1.11,10,60901299.0,63096944.0,10:60899921-10:61581937
GSPT1,ENSG00000103342,cd8_naive,0.188,2.64,16,10868127.0,12916082.0,16:11426305-16:12519241
MAP3K1,ENSG00000095015,cd14_mono,0.187,-2.59,5,55815573.0,57896152.0,5:56121522-5:57325275
SELL,ENSG00000188404,cd4_naive,0.185,-2.57,1,168690666.0,170711698.0,1:169117086-1:170588635
CNPY2,ENSG00000257727,cd16_mono,0.185,-8.18,12,55309841.0,57316222.0,12:55272053-12:57155077
SAT2,ENSG00000141504,b_memory,0.184,-2.73,17,6626233.0,8627876.0,17:5838014-17:7414079
TNRC6B,ENSG00000100354,cd14_mono,0.183,-2.77,22,39044816.0,41335808.0,22:38911889-22:40149793
ARL5A,ENSG00000162980,b_memory,0.183,1.94,2,150788983.0,152828492.0,2:150874948-2:151630268
HIKESHI,ENSG00000149196,cd4_tcm,0.182,2.79,11,85302210.0,87345931.0,11:84670229-11:86908259
FNBP1,ENSG00000187239,cd8_naive,0.181,2.56,9,128887186.0,131043194.0,9:129403191-9:130347830
YWHAB,ENSG00000166913,b_memory,0.18,-3.09,20,43885675.0,45908532.0,20:44051536-20:46210417
KXD1,ENSG00000105700,cd16_mono,0.179,-2.41,19,17557761.0,19569387.0,19:18299052-19:19766662
RPS27L,ENSG00000185088,cd4_tcm,0.177,2.73,15,62125871.0,64158021.0,15:62923023-15:64812469
GPS2,ENSG00000132522,b_naive,0.177,-3.27,17,6311323.0,8315564.0,17:5838014-17:7414079
AP3S1,ENSG00000177879,gdt,0.177,-2.29,5,114841858.0,116914081.0,5:114060588-5:115494673
PLEKHJ1,ENSG00000104886,mait,0.176,3.5,19,1233148.0,3237704.0,19:610729-19:2098397
CNPPD1,ENSG00000115649,cd16_mono,0.176,-3.17,2,218171896.0,220177922.0,2:217530757-2:219589829
RPS29,ENSG00000213741,b_intermediate,0.176,-3.22,14,48570983.0,50598696.0,14:48536268-14:50041042
RSU1,ENSG00000148484,cd8_tem,0.175,2.52,10,15590610.0,17817528.0,10:16509768-10:18248338
CSDE1,ENSG00000009307,cd4_tcm,0.175,2.42,1,113716912.0,115758676.0,1:114331223-1:115337972
PKM,ENSG00000067225,nk_cd56bright,0.172,2.74,15,71199028.0,73231822.0,15:71630310-15:73336373
LTA4H,ENSG00000111144,cd4_naive,0.172,2.46,12,95000827.0,97043520.0,12:95627009-12:96715061
TTC19,ENSG00000011295,cd4_ctl,0.171,-5.52,17,14999379.0,17045015.0,17:15115780-17:16509028
MYO1G,ENSG00000136286,b_memory,0.171,-2.81,7,43962661.0,45979098.0,7:43119475-7:44724229
NCOR1,ENSG00000141027,cd4_tem,0.171,-5.52,17,15029156.0,17216091.0,17:15115780-17:16509028
PTPRE,ENSG00000132334,cd16_mono,0.17,2.14,10,126907060.0,129085855.0,10:127356098-10:129046020
FDFT1,ENSG00000079459,cd8_tcm,0.169,2.98,8,10795572.0,12839309.0,8:11421489-8:13634266
SMARCE1,ENSG00000073584,treg,0.168,-2.33,17,39624961.0,41648299.0,17:40721152-17:41743558
PPIA,ENSG00000196262,b_memory,0.168,-2.8,7,43796679.0,45824564.0,7:43119475-7:44724229
CNIH1,ENSG00000100528,treg,0.167,-2.1,14,53423559.0,55441431.0,14:53531113-14:54766963
ITK,ENSG00000113263,cd4_tem,0.166,4.17,5,156180825.0,158255191.0,5:155946495-5:157201689
TMIGD2,ENSG00000167664,nk_cd56bright,0.165,-2.84,19,3292231.0,5302431.0,19:4348970-19:5811841
ATM,ENSG00000149311,cd8_naive,0.165,-2.06,11,107222483.0,109369102.0,11:107973474-11:108566310
NDUFS7,ENSG00000115286,b_memory,0.163,-4.5,19,383526.0,2394803.0,19:610729-19:2098397
TMEM35B,ENSG00000243749,cd4_naive,0.163,-2.88,1,33981534.0,35985353.0,1:34334157-1:37083582
PDCD2,ENSG00000071994,cd4_tem,0.162,-2.3,6,169575294.0,171584692.0,6:170014949-6:170742182
MPHOSPH10,ENSG00000124383,cd4_tcm,0.161,2.65,2,70130313.0,72150101.0,2:70528066-2:72947719
ZNF706,ENSG00000120963,cd8_tcm,0.161,2.94,8,100177877.0,102206193.0,8:100608730-8:103111078
IFI6,ENSG00000126709,cd8_tcm,0.16,-2.54,1,26666060.0,28672218.0,1:27075376-1:29689034
OAS3,ENSG00000111331,cd16_mono,0.16,2.6,12,111938351.0,113973249.0,12:112825713-12:113548904
RICTOR,ENSG00000164327,b_memory,0.159,2.15,5,37937918.0,40074408.0,5:38802308-5:40287627
SUCLG2,ENSG00000172340,b_intermediate,0.159,2.16,3,66360459.0,68654614.0,3:66220021-3:68237764
MRFAP1,ENSG00000179010,cd8_naive,0.156,2.1,4,5640090.0,7642745.0,4:6771316-4:7537965
XPA,ENSG00000136936,nk,0.156,2.82,9,96674908.0,98697357.0,9:96159758-9:98830577
C15orf61,ENSG00000189227,cd16_mono,0.152,2.49,15,66521067.0,68530143.0,15:66802429-15:68725660
RASSF5,ENSG00000266094,cd4_tem,0.152,-2.76,1,205507529.0,207589448.0,1:206268085-1:208237019
HHEX,ENSG00000152804,b_intermediate,0.152,2.62,10,91689950.0,93695646.0,10:91575290-10:93636611
SSR3,ENSG00000114850,cd8_tcm,0.152,2.38,3,155540139.0,157555184.0,3:154996429-3:156290911
DAPP1,ENSG00000070190,b_intermediate,0.151,2.35,4,98816832.0,100870154.0,4:99757203-4:102300199
SRP14,ENSG00000140319,mait,0.15,2.47,15,39035738.0,41039188.0,15:40091931-15:40885316
LMBRD1,ENSG00000168216,cd16_mono,0.15,2.46,6,68675801.0,70797111.0,6:68813556-6:70899807
NUDT1,ENSG00000106268,b_intermediate,0.149,2.37,7,1242221.0,3251146.0,7:2022763-7:2732593
POLR2J,ENSG00000005075,cd8_tem,0.149,-2.97,7,101473168.0,103478907.0,7:101555972-7:103557063
RNF167,ENSG00000108523,b_memory,0.149,-2.74,17,3940251.0,5945222.0,17:4792966-17:5838014
TPM4,ENSG00000167460,cd4_tem,0.149,-2.67,19,15067020.0,17103005.0,19:15537799-19:16263605
PPM1K,ENSG00000163644,cd8_naive,0.148,2.2,4,87257619.0,89284769.0,4:88316876-4:89310413
ABHD17A,ENSG00000129968,cd16_mono,0.148,2.92,19,876809.0,2885547.0,19:610729-19:2098397
RBCK1,ENSG00000125826,cd4_tcm,0.148,2.24,20,-592503.0,1430966.0,20:79838-20:716956
CYLD,ENSG00000083799,cd4_naive,0.145,-2.96,16,49742049.0,51801935.0,16:48974015-16:52001911
IQGAP2,ENSG00000145703,nk,0.144,2.67,5,75403248.0,77708132.0,5:74463501-5:76503041
FIP1L1,ENSG00000145216,cd16_mono,0.143,2.27,4,52377642.0,54458790.0,4:53011266-4:54563389
EIF3I,ENSG00000084623,cd14_mono,0.142,-3.68,1,31222018.0,33231604.0,1:31973084-1:34334157
TNFSF12,ENSG00000239697,cd14_mono,0.141,-3.5,17,6548890.0,8557819.0,17:7414079-17:8403107
RPL27A,ENSG00000166441,b_memory,0.141,-2.84,11,7682410.0,9714759.0,11:8311727-11:9065770
C1orf43,ENSG00000143612,mait,0.141,3.32,1,153206705.0,155220637.0,1:153208353-1:154797927
IL4R,ENSG00000077238,b_naive,0.14,-5.93,16,26314101.0,28364778.0,16:25975541-16:27434434
NAAA,ENSG00000138744,b_memory,0.139,2.79,4,74913656.0,76940949.0,4:73726673-4:76209554
ACP1,ENSG00000143727,nk,0.139,2.84,2,-735608.0,1278283.0,2:10133-2:1777250
EWSR1,ENSG00000182944,nk,0.139,2.42,22,28268008.0,30300525.0,22:27438791-22:29255810
DHRS7,ENSG00000100612,cd4_tcm,0.138,2.55,14,59148947.0,61169856.0,14:58981618-14:61213706
KLHDC4,ENSG00000104731,nk,0.138,2.67,16,86696484.0,88765992.0,16:87613743-16:88974757
CYP27A1,ENSG00000135929,cd14_mono,0.138,3.09,2,217781755.0,219815293.0,2:217530757-2:219589829
TCEA1,ENSG00000187735,cd16_mono,0.137,1.83,8,52966551.0,55022529.0,8:52390370-8:53505484
BID,ENSG00000015475,cd14_mono,0.136,-2.08,22,16734137.0,18774770.0,22:17193405-22:17813322
HSPA8,ENSG00000109971,nk_cd56bright,0.135,-2.26,11,122057488.0,124063230.0,11:122721202-11:123629409
ABHD12,ENSG00000100997,cd16_mono,0.135,-2.15,20,24294742.0,26390983.0,20:24737088-20:25363595
WIPF1,ENSG00000115935,gdt,0.134,-2.72,2,173559571.0,175682916.0,2:172274177-2:174724201
CCDC12,ENSG00000160799,nk,0.134,-2.48,3,45921725.0,47982010.0,3:45123661-3:46616010
GLTP,ENSG00000139433,cd4_ctl,0.134,2.51,12,108850942.0,110880488.0,12:108632125-12:109898914
SF3B5,ENSG00000169976,mait,0.133,2.65,6,143094880.0,145095573.0,6:141967342-6:144998674
CDC26,ENSG00000176386,nk_cd56bright,0.133,2.42,9,112255834.0,114273438.0,9:112930865-9:114257521
RPL3,ENSG00000100316,nk,0.133,-2.71,22,38312881.0,40320389.0,22:38911889-22:40149793
SON,ENSG00000159140,b_intermediate,0.133,2.24,21,32542892.0,34577481.0,21:33004691-21:33853161
SLA,ENSG00000155926,mait,0.133,2.14,8,132036723.0,134103054.0,8:132338897-8:133557758
AKAP9,ENSG00000127914,cd8_naive,0.132,2.41,7,90940866.0,93110673.0,7:91032469-7:92864438
RPS20,ENSG00000008988,cd16_mono,0.132,-2.54,8,55067294.0,57074581.0,8:56043824-8:58156092
UBE2K,ENSG00000078140,b_intermediate,0.132,-2.86,4,38698043.0,40782792.0,4:38905401-4:40200989
B2M,ENSG00000166710,cd4_ctl,0.132,2.93,15,43711476.0,45718877.0,15:43905851-15:46326589
ZRANB2,ENSG00000132485,cd8_naive,0.132,-0.507,1,70063290.0,72081297.0,1:70906787-1:71218722
TNFRSF1B,ENSG00000028137,nk,0.131,-2.51,1,11167038.0,13209228.0,1:11717784-1:12719464
GMCL1,ENSG00000087338,nk_cd56bright,0.131,-2.55,2,68829641.0,70881396.0,2:68912432-2:70528066
ADRM1,ENSG00000130706,cd4_tem,0.131,-3.93,20,61302092.0,63308855.0,20:60986668-20:62670503
NSD3,ENSG00000147548,cd4_naive,0.131,2.76,8,37269696.0,39382272.0,8:37521871-8:39081287
JUN,ENSG00000177606,cd4_naive,0.131,2.17,1,57780787.0,59784327.0,1:58399727-1:59424737
FOXP1,ENSG00000114861,cd4_naive,0.13,-2.31,3,69954692.0,72583989.0,3:70399877-3:72480178
ARHGAP45,ENSG00000180448,cd4_tcm,0.129,2.44,19,65922.0,2086578.0,19:80840-19:610729
SLU7,ENSG00000164609,cd16_mono,0.129,2.4,5,159401640.0,161421711.0,5:159398690-5:160546937
WASF2,ENSG00000158195,cd4_tcm,0.129,1.99,1,26404225.0,28490158.0,1:27075376-1:29689034
LCK,ENSG00000182866,cd4_ctl,0.129,2.7,1,31251238.0,33286165.0,1:31973084-1:34334157
LSP1,ENSG00000130592,cd8_tem,0.129,-3.0,11,852969.0,2892267.0,11:1192365-11:3644251
SMC3,ENSG00000108055,treg,0.129,2.37,10,109567690.0,111604636.0,10:108557947-10:110801735
KLHDC2,ENSG00000165516,mait,0.128,-3.08,14,48767607.0,50786385.0,14:48536268-14:50041042
KYNU,ENSG00000115919,cd14_mono,0.128,-2.23,2,141877497.0,144055832.0,2:141761033-2:143761915
RSL1D1,ENSG00000171490,b_memory,0.128,-2.35,16,10833849.0,12851585.0,16:11426305-16:12519241
KMT2A,ENSG00000118058,cd4_naive,0.128,4.36,11,117436489.0,119526832.0,11:117876395-11:119344766
TMUB1,ENSG00000164897,cd8_tcm,0.128,-2.6,7,150081079.0,152083546.0,7:151014417-7:152552721
CNN2,ENSG00000064666,cd8_tem,0.127,4.5,19,26580.0,2039068.0,19:610729-19:2098397
PCNX1,ENSG00000100731,cd8_tcm,0.127,-2.22,14,69907404.0,72115382.0,14:70665240-14:72422907
EIF3E,ENSG00000104408,cd4_naive,0.127,-1.98,8,107201742.0,109435333.0,8:108235944-8:109472085
CAPN1,ENSG00000014216,b_intermediate,0.127,3.09,11,64181193.0,66212006.0,11:64037097-11:66131160
RAB29,ENSG00000117280,cd16_mono,0.127,2.57,1,204767985.0,206775460.0,1:204711940-1:206268085
RPL22L1,ENSG00000163584,cd8_tem,0.126,-2.65,3,169864874.0,171870483.0,3:168863172-3:171247120
USP15,ENSG00000135655,nk_cd56bright,0.126,-2.42,12,61260337.0,63417431.0,12:60729948-12:63638681
LYRM4,ENSG00000214113,cd8_tcm,0.125,2.02,6,4102592.0,6260939.0,6:4617583-6:5791239
MYBL1,ENSG00000185697,mait,0.125,-2.61,8,65562174.0,67613294.0,8:65576855-8:68950822
MED28,ENSG00000118579,cd4_naive,0.125,-1.88,4,16614630.0,18634105.0,4:15925386-4:17381699
TBL1XR1,ENSG00000177565,cd16_mono,0.124,-1.74,3,176019339.0,178228000.0,3:175398750-3:176602499
EAPP,ENSG00000129518,mait,0.124,-2.06,14,33515928.0,35539711.0,14:31914059-14:34377045
CCT4,ENSG00000115484,b_memory,0.124,3.06,2,60868088.0,62888723.0,2:60064865-2:62201909
HNRNPA0,ENSG00000177733,cd14_mono,0.122,2.81,5,136745650.0,138754376.0,5:137040361-5:139885487
RAN,ENSG00000132341,gdt,0.122,2.52,12,129871878.0,131877678.0,12:129893376-12:131302206
BLOC1S4,ENSG00000186222,nk,0.121,-1.94,4,5716054.0,7717671.0,4:6771316-4:7537965
CIR1,ENSG00000138433,cd4_tem,0.121,-2.68,2,173348021.0,175395715.0,2:172274177-2:174724201
CREB5,ENSG00000146592,cd14_mono,0.12,-2.58,7,27299320.0,29825894.0,7:28320690-7:31097675
PIN1,ENSG00000127445,cd8_naive,0.12,-3.0,19,8835256.0,10849682.0,19:9127717-19:11173352
GSTO1,ENSG00000148834,b_memory,0.12,-2.75,10,103235355.0,105267459.0,10:102620653-10:104935290
IREB2,ENSG00000136381,cd16_mono,0.118,-2.46,15,77437430.0,79501456.0,15:76106283-15:78223711
MGMT,ENSG00000170430,cd4_tem,0.118,-1.09,10,128467183.0,130768007.0,10:129046020-10:129943063
PLGRKT,ENSG00000107020,mait,0.118,1.75,9,4357972.0,6437878.0,9:4495328-9:4884926
SARAF,ENSG00000133872,gdt,0.118,-2.55,8,29063011.0,31082424.0,8:29470379-8:31276213
PDIA6,ENSG00000143870,gdt,0.118,-2.62,2,9787280.0,11837977.0,2:10158342-2:12279024
FAM133B,ENSG00000234545,nk,0.117,-2.24,7,91560792.0,93590394.0,7:91032469-7:92864438
ILF2,ENSG00000143621,cd16_mono,0.117,3.26,1,152661830.0,154671048.0,1:153208353-1:154797927
TLE4,ENSG00000106829,cd16_mono,0.116,-1.75,9,78571772.0,80726882.0,9:78464139-9:79976013
LUC7L2,ENSG00000146963,b_intermediate,0.116,2.2,7,138340358.0,140423457.0,7:139059933-7:140233377
