"tissue","snp","weight"
"Lung","rs7501488",-0.001803919
"Lung","rs7208252",-0.006207579
"Lung","rs8076997",6.681965e-05
"Lung","rs9646419",-0.006207579
"Lung","rs12150047",-0.006207579
"Lung","rs8076041",0.00106978
"Lung","rs12947620",-0.002041453
"Lung","rs4795369",-0.01624635
"Lung","rs11655550",-0.01595922
"Lung","rs4611492",0.002181215
"Lung","rs11657899",-0.0009516425
"Lung","rs12948906",0.001639433
"Lung","rs6503518",0.001639433
"Lung","rs7225096",0.001639433
"Lung","rs12936996",0.001639433
"Lung","rs11868837",0.001760917
"Lung","rs7503705",0.001639433
"Lung","rs11078913",0.004651664
"Lung","rs8068497",0.00106978
"Lung","rs8065963",0.001639433
"Lung","rs4404103",0.00106978
"Lung","rs8069074",-0.002526692
"Lung","rs12450559",0.002713371
"Lung","rs4239222",-0.0003829745
"Lung","rs4794814",0.002713371
"Lung","rs16965156",0.00527583
"Lung","rs11654018",-0.001373159
"Lung","rs2303316",-0.002447097
"Lung","rs12947506",-0.001452754
"Lung","rs7503377",-0.002524444
"Lung","rs7216086",-0.002447097
"Lung","rs9972899",-0.005197966
"Lung","rs6503521",-0.003587982
"Lung","rs7503195",0.002061002
"Lung","rs8081144",0.005277561
"Lung","rs7218361",-0.001580612
"Lung","rs1619021",-0.001373159
"Lung","rs11654954",-0.003230205
"Lung","rs9889354",-0.001237421
"Lung","rs4795388",-0.001486258
"Lung","rs1877032",-0.001440791
"Lung","rs9907501",-0.001440791
"Lung","rs34130088",-0.001878307
"Lung","rs8075931",-0.001878307
"Lung","rs8075130",-0.001878307
"Lung","rs1874228",-0.0006228875
"Lung","rs879606",0.0008179033
"Lung","rs10852934",0.0008179033
"Lung","rs907094",0.0006891406
"Lung","rs3764352",0.0006891406
"Lung","rs9532",-0.003260609
"Lung","rs2132140",-0.001878307
"Lung","rs8066399",-0.001878307
"Lung","rs12937003",-0.001878307
"Lung","rs9892427",0.001840887
"Lung","rs9972882",0.009526182
"Lung","rs2941515",0.003471388
"Lung","rs1877031",0.01136707
"Lung","rs2952149",0.003471388
"Lung","rs2271308",0.006265573
"Lung","rs2941513",0.003471388
"Lung","rs2934963",0.003471388
"Lung","rs931992",0.01136707
"Lung","rs2941510",0.003471388
"Lung","rs1053651",0.006513111
"Lung","rs876493",0.01961503
"Lung","rs5638",-0.003260609
"Lung","rs3152",0.001164522
"Lung","rs14050",0.007314893
"Lung","rs2952151",0.008432209
"Lung","rs2941503",0.008432209
"Lung","rs907087",0.006802101
"Lung","rs2247862",0.005684785
"Lung","rs903502",0.005693753
"Lung","rs1565922",0.002945041
"Lung","rs9675194",-0.002349536
"Lung","rs12150298",-0.002517884
"Lung","rs11078919",-0.002517884
"Lung","rs1476278",0.001650152
"Lung","rs9303274",0.001650152
"Lung","rs12940986",0.001650152
"Lung","rs903501",-0.0004103579
"Lung","rs2517955",-0.0005847757
"Lung","rs2517956",-0.002645286
"Lung","rs2934971",0.002928635
"Lung","rs4252596",0.002423864
"Lung","rs4252607",-0.002901286
"Lung","rs4252612",0.006793942
"Lung","rs1810132",0.002147168
"Lung","rs4252661",0.001189764
"Lung","rs4252665",-0.0108413
"Lung","rs9896940",-0.009860069
"Lung","rs11078921",-0.02009326
"Lung","rs9891131",-0.007911968
"Lung","rs12946510",-0.01837859
"Lung","rs2941509",-0.01256378
"Lung","rs907091",0.02454916
"Lung","rs907092",-0.01329046
"Lung","rs7503018",-0.01514734
"Lung","rs10445308",-0.01192566
"Lung","rs9911688",-0.01403002
"Lung","rs17676191",0.01019142
"Lung","rs12937330",-0.01514734
"Lung","rs9909593",-0.0108624
"Lung","rs12943633",-0.007571931
"Lung","rs9913957",-0.01403002
"Lung","rs9303277",0.01932989
"Lung","rs8076347",-0.01514734
"Lung","rs2060941",-0.001846082
"Lung","rs3816470",0.02165217
"Lung","rs9913769",-0.01403002
"Lung","rs9908694",-0.01514734
"Lung","rs8079075",-0.01403002
"Lung","rs9907966",-0.01403002
"Lung","rs9635726",-0.0007264244
"Lung","rs1453560",-0.01514734
"Lung","rs12150079",-0.02262297
"Lung","rs2872507",-0.00568955
"Lung","rs9901146",0.02206751
"Lung","rs8067378",0.01793133
"Lung","rs8069176",-0.00702369
"Lung","rs2305480",-0.009725488
"Lung","rs2305479",-0.02610345
"Lung","rs11078926",-0.009725488
"Lung","rs11078927",-0.01075469
"Lung","rs1008723",0.02340165
"Lung","rs4795400",-0.009725488
"Lung","rs869402",0.02363852
"Lung","rs7216389",0.02401742
"Lung","rs9303281",0.01717945
"Lung","rs7219923",0.01717945
"Lung","rs7224129",0.01717945
"Lung","rs3169572",-0.01526065
"Lung","rs8076131",-0.004811487
"Lung","rs3744246",0.00398531
"Lung","rs4795402",-0.01161763
"Lung","rs4795403",-0.0001827261
"Lung","rs4795404",0.00398531
"Lung","rs4795405",0.0007380533
"Lung","rs8079416",0.01468037
"Lung","rs8065126",-0.005000235
"Lung","rs3893044",0.005113011
"Lung","rs1007654",-0.007386899
"Lung","rs7219080",-0.002738796
"Lung","rs3902025",0.001216971
"Lung","rs3894194",0.01324433
"Lung","rs3859192",0.0003025049
"Lung","rs921651",-0.002126789
"Lung","rs3859190",-0.003225791
"Lung","rs8075668",0.004993936
"Lung","rs11655584",0.006045262
"Lung","rs2305482",0.001035295
"Lung","rs4065321",0.001685589
"Lung","rs9916279",-0.00192885
"Lung","rs8066582",0.001685589
"Lung","rs8080546",-0.002349967
"Lung","rs12453334",0.000631933
"Lung","rs8070454",0.007951489
"Lung","rs8078723",0.006220646
"Lung","rs2227319",-0.003241871
"Lung","rs2071369",6.739157e-05
"Lung","rs2071370",-0.001398846
"Lung","rs25645",-0.004313561
"Lung","rs1042658",0.006220646
"Lung","rs709592",0.006220646
"Lung","rs11555254",-0.002349967
"Lung","rs9913632",-0.001398846
"Lung","rs2302776",-0.01329179
"Lung","rs3213762",0.006220646
"Lung","rs2302777",-0.004313561
"Lung","rs9916158",-0.002426206
"Lung","rs2302775",-0.0007897689
"Lung","rs7502514",0.005833416
"Lung","rs3935280",0.005833416
"Lung","rs11078934",0.005833416
"Lung","rs6503534",-0.003358221
"Lung","rs3934886",-0.002793413
"Lung","rs11078936",0.000163875
"Lung","rs868150",0.001907602
"Lung","rs7502912",0.005774946
"Lung","rs7502966",-0.01839868
"Lung","rs939345",0.0001568048
"Lung","rs7502233",0.008857138
"Lung","rs1568400",-0.01510543
"Lung","rs7407003",-0.01156564
"Lung","rs7217291",-0.01277463
"Lung","rs7217037",-0.01466198
"Lung","rs3923377",-0.005371968
"Lung","rs1879265",-0.008777959
"Lung","rs36088892",0.004859018
"Lung","rs12948025",-0.004718489
"Lung","rs4794826",-0.00539504
"Lung","rs883871",-0.003753995
"Lung","rs2314339",-0.003753995
"Lung","rs2102928",-0.004549875
"Lung","rs2269457",0.008781167
"Lung","rs12941497",-0.001307484
"Lung","rs4795424",0.002405627
"Lung","rs17616365",-0.005150522
"Lung","rs939347",0.001333937
"Lung","rs2071570",0.01100129
"Lung","rs16965644",-0.008001857
"Lung","rs9900154",0.001315813
"Lung","rs17678817",-0.00131379
"Lung","rs16965666",0.0005077815
"Lung","rs16965669",0.001315813
"Lung","rs17678928",-0.004798188
"Lung","rs17678959",-0.00131379
"Lung","rs9910373",0.001315813
"Lung","rs10852939",0.007019945
"Lung","rs9909777",0.001315813
"Lung","rs17616879",-0.00131379
"Lung","rs3923166",-0.004170989
"Lung","rs17679086",-0.00131379
"Lung","rs1107651",0.005409078
"Lung","rs12103533",0.001315813
"Lung","rs17679115",0.003242382
"Lung","rs2314338",0.02057392
"Lung","rs2280400",-0.001627006
"Lung","rs12103921",0.008675619
"Lung","rs11867995",0.00127612
"Lung","rs11871303",0.0001764501
"Lung","rs7359537",-0.002269245
"Lung","rs28537537",-0.003819066
"Lung","rs16965687",-0.002269245
"Lung","rs9916782",-0.002269245
"Lung","rs9904021",-0.003583035
"Lung","rs9893520",-0.002269245
"Lung","rs11078940",-0.003819066
"Lung","rs4566234",-0.003583035
"Lung","rs4077125",-0.003583035
"Lung","rs9916460",-0.002269245
"Lung","rs9892946",-0.003583035
"Lung","rs2077464",-0.001995137
"Lung","rs4135012",-0.00131379
"Lung","rs4135021",-0.00131379
"Lung","rs13706",-0.000681347
"Lung","rs36030243",0.004172704
"Lung","rs7217852",-0.002040763
"Lung","rs9904270",-0.003819066
"Lung","rs2715554",0.01123942
"Lung","rs2715553",-0.005922587
"Lung","rs9303285",-5.328698e-05
"Lung","rs15685",-0.00131379
"Lung","rs2715556",0.01396614
"Lung","rs17680217",-0.0003310087
"Lung","rs477220",0.01218566
"Lung","rs2715555",0.01448745
"Lung","rs13695",-0.004980165
"Lung","rs11540720",0.0007929403
"Lung","rs34300454",0.0007929403
"Lung","rs16965748",0.0007929403
"Lung","rs471692",0.009339372
"Lung","rs17680410",-0.0003310087
"Lung","rs28362320",0.0007929403
"Lung","rs2586112",0.009068291
"Whole_Blood","rs7501488",0.01694096
"Whole_Blood","rs7208252",0.009486952
"Whole_Blood","rs8076997",0.01961165
"Whole_Blood","rs9646419",0.009486952
"Whole_Blood","rs12150047",0.009486952
"Whole_Blood","rs8076041",0.006856594
"Whole_Blood","rs12947620",0.01688174
"Whole_Blood","rs4795369",-0.009633286
"Whole_Blood","rs11655550",-0.008588704
"Whole_Blood","rs4611492",0.02544174
"Whole_Blood","rs11657899",0.01070137
"Whole_Blood","rs12948906",0.007795162
"Whole_Blood","rs6503518",0.007795162
"Whole_Blood","rs7225096",0.007795162
"Whole_Blood","rs12936996",0.007795162
"Whole_Blood","rs11868837",0.01090609
"Whole_Blood","rs7503705",0.007795162
"Whole_Blood","rs11078913",0.001412175
"Whole_Blood","rs8068497",0.006856594
"Whole_Blood","rs8065963",0.007795162
"Whole_Blood","rs4404103",0.006856594
"Whole_Blood","rs8069074",0.0004003717
"Whole_Blood","rs12450559",0.007795162
"Whole_Blood","rs4239222",0.00685517
"Whole_Blood","rs4794814",0.007795162
"Whole_Blood","rs16965156",0.01170882
"Whole_Blood","rs11654018",0.001654462
"Whole_Blood","rs2303316",0.001654462
"Whole_Blood","rs12947506",0.0004003717
"Whole_Blood","rs7503377",0.0004003717
"Whole_Blood","rs7216086",0.001654462
"Whole_Blood","rs9972899",-0.02472585
"Whole_Blood","rs6503521",0.0004003717
"Whole_Blood","rs7503195",0.005117323
"Whole_Blood","rs8081144",0.02597994
"Whole_Blood","rs7218361",0.01101065
"Whole_Blood","rs1619021",0.001654462
"Whole_Blood","rs11654954",0.005562043
"Whole_Blood","rs9889354",0.001595606
"Whole_Blood","rs4795388",0.002993171
"Whole_Blood","rs1877032",0.01446828
"Whole_Blood","rs9907501",0.01446828
"Whole_Blood","rs34130088",0.0247916
"Whole_Blood","rs8075931",0.0247916
"Whole_Blood","rs8075130",0.0247916
"Whole_Blood","rs1874228",0.003870314
"Whole_Blood","rs879606",-0.01059796
"Whole_Blood","rs10852934",-0.01059796
"Whole_Blood","rs907094",-0.01788317
"Whole_Blood","rs3764352",-0.01788317
"Whole_Blood","rs9532",-0.02430091
"Whole_Blood","rs2132140",0.02507806
"Whole_Blood","rs8066399",0.0247916
"Whole_Blood","rs12937003",0.0247916
"Whole_Blood","rs9892427",-0.00982456
"Whole_Blood","rs9972882",0.001667625
"Whole_Blood","rs2941515",0.01393815
"Whole_Blood","rs1877031",-0.008156934
"Whole_Blood","rs2952149",0.01393815
"Whole_Blood","rs2271308",-0.02263329
"Whole_Blood","rs2941513",0.01393815
"Whole_Blood","rs2934963",0.01393815
"Whole_Blood","rs931992",-0.008156934
"Whole_Blood","rs2941510",0.01393815
"Whole_Blood","rs1053651",-0.02263329
"Whole_Blood","rs876493",0.008534612
"Whole_Blood","rs5638",-0.02430091
"Whole_Blood","rs3152",0.004160597
"Whole_Blood","rs14050",0.008496814
"Whole_Blood","rs2952151",0.008921753
"Whole_Blood","rs2941503",0.008921753
"Whole_Blood","rs907087",0.00798176
"Whole_Blood","rs2247862",0.007556822
"Whole_Blood","rs903502",-0.02244722
"Whole_Blood","rs1565922",0.007155026
"Whole_Blood","rs9675194",-0.004783409
"Whole_Blood","rs12150298",-0.004783409
"Whole_Blood","rs11078919",-0.004783409
"Whole_Blood","rs1476278",-0.003843417
"Whole_Blood","rs9303274",-0.003843417
"Whole_Blood","rs12940986",-0.003843417
"Whole_Blood","rs903501",0.02481884
"Whole_Blood","rs2517955",0.004816087
"Whole_Blood","rs2517956",0.03347834
"Whole_Blood","rs2934971",0.008307336
"Whole_Blood","rs4252596",-0.03601391
"Whole_Blood","rs4252607",0.01747177
"Whole_Blood","rs4252612",0.007041272
"Whole_Blood","rs1810132",0.004850431
"Whole_Blood","rs4252661",-0.005301335
"Whole_Blood","rs4252665",-0.009368007
"Whole_Blood","rs9896940",-0.007738523
"Whole_Blood","rs11078921",0.04192937
"Whole_Blood","rs9891131",-0.01323203
"Whole_Blood","rs12946510",0.005440297
"Whole_Blood","rs2941509",-0.0005721557
"Whole_Blood","rs907091",-0.0302157
"Whole_Blood","rs907092",-0.01713249
"Whole_Blood","rs7503018",-0.0009970939
"Whole_Blood","rs10445308",-0.03211647
"Whole_Blood","rs9911688",-0.0005721557
"Whole_Blood","rs17676191",-0.008436625
"Whole_Blood","rs12937330",-0.0009970939
"Whole_Blood","rs9909593",-0.04075376
"Whole_Blood","rs12943633",0.004325502
"Whole_Blood","rs9913957",-0.0005721557
"Whole_Blood","rs9303277",-0.0525312
"Whole_Blood","rs8076347",-0.0009970939
"Whole_Blood","rs2060941",-0.05440318
"Whole_Blood","rs3816470",-0.05484241
"Whole_Blood","rs9913769",-0.0005721557
"Whole_Blood","rs9908694",-0.0009970939
"Whole_Blood","rs8079075",-0.0005721557
"Whole_Blood","rs9907966",-0.0005721557
"Whole_Blood","rs9635726",0.01637413
"Whole_Blood","rs1453560",-0.0009970939
"Whole_Blood","rs12150079",0.02203871
"Whole_Blood","rs2872507",-0.02634632
"Whole_Blood","rs9901146",-0.03799584
"Whole_Blood","rs8067378",-0.05008196
"Whole_Blood","rs8069176",-0.03371647
"Whole_Blood","rs2305480",-0.03465646
"Whole_Blood","rs2305479",-0.04630597
"Whole_Blood","rs11078926",-0.03465646
"Whole_Blood","rs11078927",-0.03465646
"Whole_Blood","rs1008723",-0.04459353
"Whole_Blood","rs4795400",-0.02611022
"Whole_Blood","rs869402",-0.04290244
"Whole_Blood","rs7216389",-0.04290244
"Whole_Blood","rs9303281",-0.05078395
"Whole_Blood","rs7219923",-0.05078395
"Whole_Blood","rs7224129",-0.05078395
"Whole_Blood","rs3169572",-0.006629972
"Whole_Blood","rs8076131",-0.03230606
"Whole_Blood","rs3744246",-0.02108261
"Whole_Blood","rs4795402",-0.03341571
"Whole_Blood","rs4795403",-0.0220226
"Whole_Blood","rs4795404",-0.02108261
"Whole_Blood","rs4795405",-0.03194938
"Whole_Blood","rs8079416",-0.01226186
"Whole_Blood","rs8065126",0.0100249
"Whole_Blood","rs3893044",0.02826699
"Whole_Blood","rs1007654",0.01056269
"Whole_Blood","rs7219080",0.003523806
"Whole_Blood","rs3902025",0.02312791
"Whole_Blood","rs3894194",0.01820499
"Whole_Blood","rs3859192",-0.03833449
"Whole_Blood","rs921651",0.02054942
"Whole_Blood","rs3859190",0.01701446
"Whole_Blood","rs8075668",0.006520033
"Whole_Blood","rs11655584",0.01071181
"Whole_Blood","rs2305482",0.03062777
"Whole_Blood","rs4065321",0.01613447
"Whole_Blood","rs9916279",-0.007844499
"Whole_Blood","rs8066582",0.01613447
"Whole_Blood","rs8080546",-0.007438462
"Whole_Blood","rs12453334",-0.004746662
"Whole_Blood","rs8070454",-0.0008799892
"Whole_Blood","rs8078723",-0.0004359286
"Whole_Blood","rs2227319",0.0005933691
"Whole_Blood","rs2071369",0.008818878
"Whole_Blood","rs2071370",0.01193725
"Whole_Blood","rs25645",0.0005933691
"Whole_Blood","rs1042658",-0.0004359286
"Whole_Blood","rs709592",0.003878331
"Whole_Blood","rs11555254",-0.007438462
"Whole_Blood","rs9913632",0.01193725
"Whole_Blood","rs2302776",-0.003312393
"Whole_Blood","rs3213762",-0.0004359286
"Whole_Blood","rs2302777",-0.0001135125
"Whole_Blood","rs9916158",-0.005540691
"Whole_Blood","rs2302775",0.0009743794
"Whole_Blood","rs7502514",0.02332013
"Whole_Blood","rs3935280",0.02090864
"Whole_Blood","rs11078934",0.02332013
"Whole_Blood","rs6503534",0.006499214
"Whole_Blood","rs3934886",0.02071145
"Whole_Blood","rs11078936",0.006424384
"Whole_Blood","rs868150",-0.0278856
"Whole_Blood","rs7502912",-0.03298466
"Whole_Blood","rs7502966",-0.0003684365
"Whole_Blood","rs939345",0.0008675022
"Whole_Blood","rs7502233",0.01768513
"Whole_Blood","rs1568400",-0.01263586
"Whole_Blood","rs7407003",-0.01356983
"Whole_Blood","rs7217291",-0.01290616
"Whole_Blood","rs7217037",-0.01209833
"Whole_Blood","rs3923377",0.01472466
"Whole_Blood","rs1879265",0.02519181
"Whole_Blood","rs36088892",-0.01698382
"Whole_Blood","rs12948025",0.006660227
"Whole_Blood","rs4794826",0.01292528
"Whole_Blood","rs883871",-0.02851648
"Whole_Blood","rs2314339",-0.02610499
"Whole_Blood","rs2102928",0.008063221
"Whole_Blood","rs2269457",-0.02956882
"Whole_Blood","rs12941497",0.01107637
"Whole_Blood","rs4795424",0.008030323
"Whole_Blood","rs17616365",-0.003510348
"Whole_Blood","rs939347",0.008030323
"Whole_Blood","rs2071570",0.009668393
"Whole_Blood","rs16965644",-0.02516571
"Whole_Blood","rs9900154",0.004056255
"Whole_Blood","rs17678817",0.003135164
"Whole_Blood","rs16965666",-0.03922455
"Whole_Blood","rs16965669",0.004056255
"Whole_Blood","rs17678928",-0.01504065
"Whole_Blood","rs17678959",0.003135164
"Whole_Blood","rs9910373",0.004056255
"Whole_Blood","rs10852939",-0.0002623542
"Whole_Blood","rs9909777",0.004056255
"Whole_Blood","rs17616879",0.003135164
"Whole_Blood","rs3923166",0.03899308
"Whole_Blood","rs17679086",0.003135164
"Whole_Blood","rs1107651",0.001355059
"Whole_Blood","rs12103533",0.008133354
"Whole_Blood","rs17679115",-0.01151797
"Whole_Blood","rs2314338",-0.005385126
"Whole_Blood","rs2280400",-0.01610464
"Whole_Blood","rs12103921",-0.0008551146
"Whole_Blood","rs11867995",-0.003086146
"Whole_Blood","rs11871303",-0.005543911
"Whole_Blood","rs7359537",-0.00703688
"Whole_Blood","rs28537537",-0.001619755
"Whole_Blood","rs16965687",-0.00703688
"Whole_Blood","rs9916782",-0.00703688
"Whole_Blood","rs9904021",0.0001753835
"Whole_Blood","rs9893520",-0.00703688
"Whole_Blood","rs11078940",-0.001619755
"Whole_Blood","rs4566234",0.0001753835
"Whole_Blood","rs4077125",0.0001753835
"Whole_Blood","rs9916460",-0.00703688
"Whole_Blood","rs9892946",0.0001753835
"Whole_Blood","rs2077464",0.001119616
"Whole_Blood","rs4135012",0.007212263
"Whole_Blood","rs4135021",0.007212263
"Whole_Blood","rs13706",-0.006092647
"Whole_Blood","rs36030243",-0.005668472
"Whole_Blood","rs7217852",0.0006946782
"Whole_Blood","rs9904270",-0.001619755
"Whole_Blood","rs2715554",-0.004401016
"Whole_Blood","rs2715553",-0.04426966
"Whole_Blood","rs9303285",0.001191677
"Whole_Blood","rs15685",0.009554654
"Whole_Blood","rs2715556",0.003671606
"Whole_Blood","rs17680217",0.01317077
"Whole_Blood","rs477220",0.001752822
"Whole_Blood","rs2715555",0.01392715
"Whole_Blood","rs13695",0.01960518
"Whole_Blood","rs11540720",0.007869431
"Whole_Blood","rs34300454",0.007869431
"Whole_Blood","rs16965748",0.007869431
"Whole_Blood","rs471692",0.001752822
"Whole_Blood","rs17680410",0.01317077
"Whole_Blood","rs28362320",0.007869431
"Whole_Blood","rs2586112",0.001752822
"Esophagus_Mucosa","rs7501488",-0.000601175
"Esophagus_Mucosa","rs7208252",0.001671956
"Esophagus_Mucosa","rs8076997",0.004918909
"Esophagus_Mucosa","rs9646419",0.001671956
"Esophagus_Mucosa","rs12150047",0.001671956
"Esophagus_Mucosa","rs8076041",0.0003062936
"Esophagus_Mucosa","rs12947620",-0.000601175
"Esophagus_Mucosa","rs4795369",0.001508059
"Esophagus_Mucosa","rs11655550",-0.01464584
"Esophagus_Mucosa","rs4611492",-0.004342955
"Esophagus_Mucosa","rs11657899",-0.00244852
"Esophagus_Mucosa","rs12948906",-0.002244258
"Esophagus_Mucosa","rs6503518",-0.002244258
"Esophagus_Mucosa","rs7225096",-0.002244258
"Esophagus_Mucosa","rs12936996",-0.002244258
"Esophagus_Mucosa","rs11868837",-0.003955168
"Esophagus_Mucosa","rs7503705",-0.002244258
"Esophagus_Mucosa","rs11078913",-0.001093127
"Esophagus_Mucosa","rs8068497",0.0003805074
"Esophagus_Mucosa","rs8065963",-0.002244258
"Esophagus_Mucosa","rs4404103",0.0003805074
"Esophagus_Mucosa","rs8069074",-4.534061e-05
"Esophagus_Mucosa","rs12450559",0.00102061
"Esophagus_Mucosa","rs4239222",0.000822216
"Esophagus_Mucosa","rs4794814",0.00102061
"Esophagus_Mucosa","rs16965156",0.0008766933
"Esophagus_Mucosa","rs11654018",0.00102061
"Esophagus_Mucosa","rs2303316",-0.002244258
"Esophagus_Mucosa","rs12947506",0.002787726
"Esophagus_Mucosa","rs7503377",0.002787726
"Esophagus_Mucosa","rs7216086",-0.002676059
"Esophagus_Mucosa","rs9972899",0.004649249
"Esophagus_Mucosa","rs6503521",0.003750687
"Esophagus_Mucosa","rs7503195",0.007487452
"Esophagus_Mucosa","rs8081144",-0.00692238
"Esophagus_Mucosa","rs7218361",0.0049739
"Esophagus_Mucosa","rs1619021",0.0005133387
"Esophagus_Mucosa","rs11654954",0.002185221
"Esophagus_Mucosa","rs9889354",-0.00494191
"Esophagus_Mucosa","rs4795388",-0.002366537
"Esophagus_Mucosa","rs1877032",-0.002441569
"Esophagus_Mucosa","rs9907501",-0.002441569
"Esophagus_Mucosa","rs34130088",-0.00180955
"Esophagus_Mucosa","rs8075931",-0.00180955
"Esophagus_Mucosa","rs8075130",-0.00180955
"Esophagus_Mucosa","rs1874228",-0.0003257267
"Esophagus_Mucosa","rs879606",0.002115843
"Esophagus_Mucosa","rs10852934",0.002115843
"Esophagus_Mucosa","rs907094",0.000848161
"Esophagus_Mucosa","rs3764352",0.000848161
"Esophagus_Mucosa","rs9532",0.002570046
"Esophagus_Mucosa","rs2132140",-0.00180955
"Esophagus_Mucosa","rs8066399",-0.00180955
"Esophagus_Mucosa","rs12937003",-0.00180955
"Esophagus_Mucosa","rs9892427",0.0006847564
"Esophagus_Mucosa","rs9972882",-0.0031144
"Esophagus_Mucosa","rs2941515",0.000694135
"Esophagus_Mucosa","rs1877031",-0.002429643
"Esophagus_Mucosa","rs2952149",0.000694135
"Esophagus_Mucosa","rs2271308",-0.0005443537
"Esophagus_Mucosa","rs2941513",0.000694135
"Esophagus_Mucosa","rs2934963",0.000694135
"Esophagus_Mucosa","rs931992",-0.002429643
"Esophagus_Mucosa","rs2941510",0.000694135
"Esophagus_Mucosa","rs1053651",-0.0001424324
"Esophagus_Mucosa","rs876493",0.005187253
"Esophagus_Mucosa","rs5638",0.002570046
"Esophagus_Mucosa","rs3152",-0.005256233
"Esophagus_Mucosa","rs14050",0.002784599
"Esophagus_Mucosa","rs2952151",0.002921923
"Esophagus_Mucosa","rs2941503",0.003396145
"Esophagus_Mucosa","rs907087",0.004211141
"Esophagus_Mucosa","rs2247862",0.004073817
"Esophagus_Mucosa","rs903502",0.003299484
"Esophagus_Mucosa","rs1565922",-6.775309e-05
"Esophagus_Mucosa","rs9675194",0.004069358
"Esophagus_Mucosa","rs12150298",0.004069358
"Esophagus_Mucosa","rs11078919",0.004069358
"Esophagus_Mucosa","rs1476278",0.003254363
"Esophagus_Mucosa","rs9303274",0.003254363
"Esophagus_Mucosa","rs12940986",0.003254363
"Esophagus_Mucosa","rs903501",0.00259642
"Esophagus_Mucosa","rs2517955",0.003542581
"Esophagus_Mucosa","rs2517956",0.002884638
"Esophagus_Mucosa","rs2934971",0.004671808
"Esophagus_Mucosa","rs4252596",0.004950762
"Esophagus_Mucosa","rs4252607",0.002405505
"Esophagus_Mucosa","rs4252612",-0.005661986
"Esophagus_Mucosa","rs1810132",0.003510957
"Esophagus_Mucosa","rs4252661",0.0003098117
"Esophagus_Mucosa","rs4252665",-0.01236259
"Esophagus_Mucosa","rs9896940",-0.01086795
"Esophagus_Mucosa","rs11078921",0.001811878
"Esophagus_Mucosa","rs9891131",-0.01471201
"Esophagus_Mucosa","rs12946510",-0.001127688
"Esophagus_Mucosa","rs2941509",-0.009050655
"Esophagus_Mucosa","rs907091",-0.01792467
"Esophagus_Mucosa","rs907092",-0.00604377
"Esophagus_Mucosa","rs7503018",-0.00918798
"Esophagus_Mucosa","rs10445308",-0.003199658
"Esophagus_Mucosa","rs9911688",-0.009050655
"Esophagus_Mucosa","rs17676191",0.002284669
"Esophagus_Mucosa","rs12937330",-0.00918798
"Esophagus_Mucosa","rs9909593",-0.002582122
"Esophagus_Mucosa","rs12943633",-0.008762515
"Esophagus_Mucosa","rs9913957",-0.009050655
"Esophagus_Mucosa","rs9303277",-0.01334205
"Esophagus_Mucosa","rs8076347",-0.00918798
"Esophagus_Mucosa","rs2060941",-0.004966862
"Esophagus_Mucosa","rs3816470",0.01065529
"Esophagus_Mucosa","rs9913769",-0.01117322
"Esophagus_Mucosa","rs9908694",-0.01118913
"Esophagus_Mucosa","rs8079075",-0.01105181
"Esophagus_Mucosa","rs9907966",-0.01105181
"Esophagus_Mucosa","rs9635726",0.00590955
"Esophagus_Mucosa","rs1453560",-0.01118913
"Esophagus_Mucosa","rs12150079",0.0063148
"Esophagus_Mucosa","rs2872507",0.00137392
"Esophagus_Mucosa","rs9901146",-0.01138424
"Esophagus_Mucosa","rs8067378",-0.01367524
"Esophagus_Mucosa","rs8069176",-0.0004821182
"Esophagus_Mucosa","rs2305480",0.000332877
"Esophagus_Mucosa","rs2305479",-0.01242528
"Esophagus_Mucosa","rs11078926",0.000332877
"Esophagus_Mucosa","rs11078927",0.002193713
"Esophagus_Mucosa","rs1008723",-0.01324028
"Esophagus_Mucosa","rs4795400",0.000332877
"Esophagus_Mucosa","rs869402",-0.009616583
"Esophagus_Mucosa","rs7216389",-0.009616583
"Esophagus_Mucosa","rs9303281",-0.01232368
"Esophagus_Mucosa","rs7219923",-0.01232368
"Esophagus_Mucosa","rs7224129",-0.01232368
"Esophagus_Mucosa","rs3169572",-0.01352795
"Esophagus_Mucosa","rs8076131",0.00097356
"Esophagus_Mucosa","rs3744246",-0.007491316
"Esophagus_Mucosa","rs4795402",-0.0244614
"Esophagus_Mucosa","rs4795403",-0.00667632
"Esophagus_Mucosa","rs4795404",-0.007491316
"Esophagus_Mucosa","rs4795405",-0.0009650983
"Esophagus_Mucosa","rs8079416",0.02618024
"Esophagus_Mucosa","rs8065126",-0.00570042
"Esophagus_Mucosa","rs3893044",-0.007058818
"Esophagus_Mucosa","rs1007654",-0.003750473
"Esophagus_Mucosa","rs7219080",-0.00634804
"Esophagus_Mucosa","rs3902025",-0.01002682
"Esophagus_Mucosa","rs3894194",0.02737559
"Esophagus_Mucosa","rs3859192",-4.720557e-06
"Esophagus_Mucosa","rs921651",-0.01175923
"Esophagus_Mucosa","rs3859190",-0.0004296863
"Esophagus_Mucosa","rs8075668",-0.006654111
"Esophagus_Mucosa","rs11655584",-0.01067469
"Esophagus_Mucosa","rs2305482",-3.2981e-05
"Esophagus_Mucosa","rs4065321",0.0001863304
"Esophagus_Mucosa","rs9916279",-0.008142035
"Esophagus_Mucosa","rs8066582",0.0001863304
"Esophagus_Mucosa","rs8080546",-0.008142035
"Esophagus_Mucosa","rs12453334",0.007750851
"Esophagus_Mucosa","rs8070454",0.0001255767
"Esophagus_Mucosa","rs8078723",0.0001255767
"Esophagus_Mucosa","rs2227319",0.006975084
"Esophagus_Mucosa","rs2071369",0.001687183
"Esophagus_Mucosa","rs2071370",0.0001371516
"Esophagus_Mucosa","rs25645",0.006975084
"Esophagus_Mucosa","rs1042658",-0.0003829079
"Esophagus_Mucosa","rs709592",-0.0003829079
"Esophagus_Mucosa","rs11555254",-0.008142035
"Esophagus_Mucosa","rs9913632",0.0001371516
"Esophagus_Mucosa","rs2302776",-0.005111559
"Esophagus_Mucosa","rs3213762",0.0005366419
"Esophagus_Mucosa","rs2302777",0.006131004
"Esophagus_Mucosa","rs9916158",0.006131004
"Esophagus_Mucosa","rs2302775",-0.006454852
"Esophagus_Mucosa","rs7502514",-0.0007303879
"Esophagus_Mucosa","rs3935280",0.0008196432
"Esophagus_Mucosa","rs11078934",-0.0007303879
"Esophagus_Mucosa","rs6503534",-0.009402264
"Esophagus_Mucosa","rs3934886",-0.007466642
"Esophagus_Mucosa","rs11078936",0.003427143
"Esophagus_Mucosa","rs868150",0.002994078
"Esophagus_Mucosa","rs7502912",0.002994078
"Esophagus_Mucosa","rs7502966",-0.0003086891
"Esophagus_Mucosa","rs939345",0.003377592
"Esophagus_Mucosa","rs7502233",0.007909983
"Esophagus_Mucosa","rs1568400",-0.01124129
"Esophagus_Mucosa","rs7407003",-0.007767333
"Esophagus_Mucosa","rs7217291",-0.01128019
"Esophagus_Mucosa","rs7217037",-0.008502369
"Esophagus_Mucosa","rs3923377",-0.01123657
"Esophagus_Mucosa","rs1879265",0.0006734609
"Esophagus_Mucosa","rs36088892",0.001973138
"Esophagus_Mucosa","rs12948025",0.001430398
"Esophagus_Mucosa","rs4794826",-0.00426386
"Esophagus_Mucosa","rs883871",0.01091291
"Esophagus_Mucosa","rs2314339",0.009362879
"Esophagus_Mucosa","rs2102928",-0.005528026
"Esophagus_Mucosa","rs2269457",-0.004676525
"Esophagus_Mucosa","rs12941497",-0.00402925
"Esophagus_Mucosa","rs4795424",-0.004598028
"Esophagus_Mucosa","rs17616365",-0.001772047
"Esophagus_Mucosa","rs939347",-0.001783723
"Esophagus_Mucosa","rs2071570",0.006895515
"Esophagus_Mucosa","rs16965644",0.00395281
"Esophagus_Mucosa","rs9900154",-0.003828425
"Esophagus_Mucosa","rs17678817",-0.002876105
"Esophagus_Mucosa","rs16965666",0.01298809
"Esophagus_Mucosa","rs16965669",-0.003828425
"Esophagus_Mucosa","rs17678928",0.01075101
"Esophagus_Mucosa","rs17678959",-0.002876105
"Esophagus_Mucosa","rs9910373",-0.003828425
"Esophagus_Mucosa","rs10852939",0.01308105
"Esophagus_Mucosa","rs9909777",-0.003828425
"Esophagus_Mucosa","rs17616879",-0.002876105
"Esophagus_Mucosa","rs3923166",-0.007404184
"Esophagus_Mucosa","rs17679086",-0.002876105
"Esophagus_Mucosa","rs1107651",-0.001028838
"Esophagus_Mucosa","rs12103533",-0.003828425
"Esophagus_Mucosa","rs17679115",0.00108479
"Esophagus_Mucosa","rs2314338",0.008250537
"Esophagus_Mucosa","rs2280400",0.01095816
"Esophagus_Mucosa","rs12103921",0.006762455
"Esophagus_Mucosa","rs11867995",-0.001715733
"Esophagus_Mucosa","rs11871303",-0.005522435
"Esophagus_Mucosa","rs7359537",0.007014413
"Esophagus_Mucosa","rs28537537",0.007014413
"Esophagus_Mucosa","rs16965687",0.007014413
"Esophagus_Mucosa","rs9916782",0.007014413
"Esophagus_Mucosa","rs9904021",0.004138308
"Esophagus_Mucosa","rs9893520",0.007014413
"Esophagus_Mucosa","rs11078940",0.007014413
"Esophagus_Mucosa","rs4566234",0.004138308
"Esophagus_Mucosa","rs4077125",0.004138308
"Esophagus_Mucosa","rs9916460",0.007014413
"Esophagus_Mucosa","rs9892946",0.004138308
"Esophagus_Mucosa","rs2077464",0.0005454944
"Esophagus_Mucosa","rs4135012",-0.002876105
"Esophagus_Mucosa","rs4135021",-0.002876105
"Esophagus_Mucosa","rs13706",0.0034216
"Esophagus_Mucosa","rs36030243",0.003927578
"Esophagus_Mucosa","rs7217852",0.0004081703
"Esophagus_Mucosa","rs9904270",0.007014413
"Esophagus_Mucosa","rs2715554",0.001628795
"Esophagus_Mucosa","rs2715553",0.00167364
"Esophagus_Mucosa","rs9303285",0.001030546
"Esophagus_Mucosa","rs15685",-0.002378451
"Esophagus_Mucosa","rs2715556",-0.01690119
"Esophagus_Mucosa","rs17680217",-0.002876105
"Esophagus_Mucosa","rs477220",-0.009314559
"Esophagus_Mucosa","rs2715555",-0.003246335
"Esophagus_Mucosa","rs13695",0.008228013
"Esophagus_Mucosa","rs11540720",-0.003540421
"Esophagus_Mucosa","rs34300454",-0.003540421
"Esophagus_Mucosa","rs16965748",-0.003540421
"Esophagus_Mucosa","rs471692",-0.01098615
"Esophagus_Mucosa","rs17680410",-0.002876105
"Esophagus_Mucosa","rs28362320",-0.003540421
"Esophagus_Mucosa","rs2586112",-0.0110809
"Thyroid","rs7501488",-0.01650299
"Thyroid","rs7208252",-0.0161968
"Thyroid","rs8076997",-0.008230209
"Thyroid","rs9646419",-0.0161968
"Thyroid","rs12150047",-0.0161968
"Thyroid","rs8076041",-0.008733902
"Thyroid","rs12947620",-0.01650299
"Thyroid","rs4795369",-0.03442454
"Thyroid","rs11655550",-0.03833638
"Thyroid","rs4611492",-0.00314733
"Thyroid","rs11657899",-0.02401613
"Thyroid","rs12948906",-0.01071139
"Thyroid","rs6503518",-0.01071139
"Thyroid","rs7225096",-0.01071139
"Thyroid","rs12936996",-0.01071139
"Thyroid","rs11868837",-0.01274541
"Thyroid","rs7503705",-0.01071139
"Thyroid","rs11078913",0.008705671
"Thyroid","rs8068497",-0.005805808
"Thyroid","rs8065963",-0.01071139
"Thyroid","rs4404103",-0.005805808
"Thyroid","rs8069074",-0.01333329
"Thyroid","rs12450559",-0.01071139
"Thyroid","rs4239222",-0.0190227
"Thyroid","rs4794814",-0.01071139
"Thyroid","rs16965156",0.005776604
"Thyroid","rs11654018",-0.01388472
"Thyroid","rs2303316",-0.01388472
"Thyroid","rs12947506",-0.01333329
"Thyroid","rs7503377",-0.01333329
"Thyroid","rs7216086",-0.01388472
"Thyroid","rs9972899",-0.008759903
"Thyroid","rs6503521",-0.01333329
"Thyroid","rs7503195",0.03833341
"Thyroid","rs8081144",0.005280383
"Thyroid","rs7218361",-0.005083584
"Thyroid","rs1619021",-0.01388472
"Thyroid","rs11654954",-0.03180523
"Thyroid","rs9889354",0.0007622465
"Thyroid","rs4795388",-0.007651951
"Thyroid","rs1877032",0.007073712
"Thyroid","rs9907501",0.007073712
"Thyroid","rs34130088",0.02661509
"Thyroid","rs8075931",0.02661509
"Thyroid","rs8075130",0.02661509
"Thyroid","rs1874228",0.004638071
"Thyroid","rs879606",0.00831325
"Thyroid","rs10852934",0.00831325
"Thyroid","rs907094",0.04459838
"Thyroid","rs3764352",0.04459838
"Thyroid","rs9532",-0.006047546
"Thyroid","rs2132140",0.02661509
"Thyroid","rs8066399",0.02661509
"Thyroid","rs12937003",0.02661509
"Thyroid","rs9892427",0.007076077
"Thyroid","rs9972882",0.002113968
"Thyroid","rs2941515",0.00469591
"Thyroid","rs1877031",0.006864185
"Thyroid","rs2952149",0.00469591
"Thyroid","rs2271308",-0.003933577
"Thyroid","rs2941513",0.00469591
"Thyroid","rs2934963",0.00469591
"Thyroid","rs931992",0.006864185
"Thyroid","rs2941510",0.00469591
"Thyroid","rs1053651",-0.003717841
"Thyroid","rs876493",0.05291475
"Thyroid","rs5638",-0.006047546
"Thyroid","rs3152",0.01720465
"Thyroid","rs14050",0.0003719644
"Thyroid","rs2952151",0.0003719644
"Thyroid","rs2941503",-0.005407111
"Thyroid","rs907087",-0.003466716
"Thyroid","rs2247862",-0.003466716
"Thyroid","rs903502",0.002482567
"Thyroid","rs1565922",-0.0008172715
"Thyroid","rs9675194",0.02267623
"Thyroid","rs12150298",0.02522914
"Thyroid","rs11078919",0.02522914
"Thyroid","rs1476278",0.02328875
"Thyroid","rs9303274",0.02328875
"Thyroid","rs12940986",0.02328875
"Thyroid","rs903501",0.01976833
"Thyroid","rs2517955",0.007289456
"Thyroid","rs2517956",0.01226342
"Thyroid","rs2934971",-0.01097756
"Thyroid","rs4252596",-0.02683008
"Thyroid","rs4252607",-0.01649915
"Thyroid","rs4252612",-0.01932739
"Thyroid","rs1810132",-0.004931403
"Thyroid","rs4252661",-0.003871874
"Thyroid","rs4252665",-0.03250636
"Thyroid","rs9896940",-0.03571938
"Thyroid","rs11078921",-0.02783915
"Thyroid","rs9891131",-0.03614694
"Thyroid","rs12946510",0.02830632
"Thyroid","rs2941509",-0.02942945
"Thyroid","rs907091",0.01413054
"Thyroid","rs907092",-0.003767262
"Thyroid","rs7503018",-0.02942945
"Thyroid","rs10445308",0.02252254
"Thyroid","rs9911688",-0.02942945
"Thyroid","rs17676191",0.002328617
"Thyroid","rs12937330",-0.02942945
"Thyroid","rs9909593",0.01354702
"Thyroid","rs12943633",-0.03264393
"Thyroid","rs9913957",-0.02942945
"Thyroid","rs9303277",0.01623332
"Thyroid","rs8076347",-0.02942945
"Thyroid","rs2060941",0.05295083
"Thyroid","rs3816470",0.009852853
"Thyroid","rs9913769",-0.03321907
"Thyroid","rs9908694",-0.03321907
"Thyroid","rs8079075",-0.03321907
"Thyroid","rs9907966",-0.03321907
"Thyroid","rs9635726",-0.01424229
"Thyroid","rs1453560",-0.03321907
"Thyroid","rs12150079",-0.03612992
"Thyroid","rs2872507",-0.005782256
"Thyroid","rs9901146",0.03927459
"Thyroid","rs8067378",0.01999268
"Thyroid","rs8069176",-0.0140865
"Thyroid","rs2305480",-0.01214611
"Thyroid","rs2305479",-0.04563844
"Thyroid","rs11078926",-0.01214611
"Thyroid","rs11078927",0.00983475
"Thyroid","rs1008723",-0.04757883
"Thyroid","rs4795400",-0.009923778
"Thyroid","rs869402",0.04055185
"Thyroid","rs7216389",-0.03077789
"Thyroid","rs9303281",0.01343638
"Thyroid","rs7219923",0.01343638
"Thyroid","rs7224129",0.01343638
"Thyroid","rs3169572",-0.0433803
"Thyroid","rs8076131",0.0007921013
"Thyroid","rs3744246",0.04017418
"Thyroid","rs4795402",-0.003341266
"Thyroid","rs4795403",0.04211458
"Thyroid","rs4795404",0.04017418
"Thyroid","rs4795405",-0.006310834
"Thyroid","rs8079416",-0.01438712
"Thyroid","rs8065126",-0.01138371
"Thyroid","rs3893044",0.05448994
"Thyroid","rs1007654",0.004757158
"Thyroid","rs7219080",-0.01443076
"Thyroid","rs3902025",0.03361036
"Thyroid","rs3894194",-0.0002002545
"Thyroid","rs3859192",-0.02341093
"Thyroid","rs921651",-0.006519893
"Thyroid","rs3859190",0.03469665
"Thyroid","rs8075668",-0.02020401
"Thyroid","rs11655584",-0.0200951
"Thyroid","rs2305482",0.03069468
"Thyroid","rs4065321",0.02829889
"Thyroid","rs9916279",-0.03958616
"Thyroid","rs8066582",0.02829889
"Thyroid","rs8080546",-0.03495319
"Thyroid","rs12453334",-0.01232704
"Thyroid","rs8070454",-0.006397755
"Thyroid","rs8078723",-0.006397755
"Thyroid","rs2227319",0.002679525
"Thyroid","rs2071369",0.04927804
"Thyroid","rs2071370",0.03931171
"Thyroid","rs25645",0.002679525
"Thyroid","rs1042658",-0.0123714
"Thyroid","rs709592",-0.00424771
"Thyroid","rs11555254",-0.03495319
"Thyroid","rs9913632",0.03931171
"Thyroid","rs2302776",-0.04380044
"Thyroid","rs3213762",-0.01549436
"Thyroid","rs2302777",0.005802481
"Thyroid","rs9916158",-0.006954179
"Thyroid","rs2302775",0.009691878
"Thyroid","rs7502514",-0.01046136
"Thyroid","rs3935280",-0.000495041
"Thyroid","rs11078934",-0.01046136
"Thyroid","rs6503534",-0.006553056
"Thyroid","rs3934886",0.0005430102
"Thyroid","rs11078936",-0.0022925
"Thyroid","rs868150",-0.01969866
"Thyroid","rs7502912",-0.01969866
"Thyroid","rs7502966",0.009100345
"Thyroid","rs939345",-0.008001984
"Thyroid","rs7502233",0.009313509
"Thyroid","rs1568400",-0.003517197
"Thyroid","rs7407003",-0.006561698
"Thyroid","rs7217291",-0.01910419
"Thyroid","rs7217037",-0.01458763
"Thyroid","rs3923377",-0.003040555
"Thyroid","rs1879265",-0.01893434
"Thyroid","rs36088892",-0.04112932
"Thyroid","rs12948025",0.02181862
"Thyroid","rs4794826",-0.001851906
"Thyroid","rs883871",0.02767184
"Thyroid","rs2314339",0.01770551
"Thyroid","rs2102928",0.04420281
"Thyroid","rs2269457",0.02325595
"Thyroid","rs12941497",0.002832327
"Thyroid","rs4795424",-0.02263017
"Thyroid","rs17616365",-0.01597615
"Thyroid","rs939347",-0.02898308
"Thyroid","rs2071570",-0.01928525
"Thyroid","rs16965644",-0.02202633
"Thyroid","rs9900154",-0.004643133
"Thyroid","rs17678817",-0.007335704
"Thyroid","rs16965666",-0.003255717
"Thyroid","rs16965669",-0.004643133
"Thyroid","rs17678928",-0.00160565
"Thyroid","rs17678959",-0.007335704
"Thyroid","rs9910373",-0.004643133
"Thyroid","rs10852939",-0.003212874
"Thyroid","rs9909777",-0.004643133
"Thyroid","rs17616879",-0.007335704
"Thyroid","rs3923166",0.02483816
"Thyroid","rs17679086",-0.007335704
"Thyroid","rs1107651",-0.004107201
"Thyroid","rs12103533",-0.004643133
"Thyroid","rs17679115",-0.01851889
"Thyroid","rs2314338",0.003302097
"Thyroid","rs2280400",0.01876813
"Thyroid","rs12103921",0.01028508
"Thyroid","rs11867995",-0.004107201
"Thyroid","rs11871303",-0.003180976
"Thyroid","rs7359537",-0.004604536
"Thyroid","rs28537537",-0.003650415
"Thyroid","rs16965687",-0.004604536
"Thyroid","rs9916782",-0.004604536
"Thyroid","rs9904021",-0.01272004
"Thyroid","rs9893520",-0.004604536
"Thyroid","rs11078940",-0.003650415
"Thyroid","rs4566234",-0.01272004
"Thyroid","rs4077125",-0.01272004
"Thyroid","rs9916460",-0.004604536
"Thyroid","rs9892946",-0.01272004
"Thyroid","rs2077464",-0.01968502
"Thyroid","rs4135012",-0.008115507
"Thyroid","rs4135021",-0.008115507
"Thyroid","rs13706",-0.01156952
"Thyroid","rs36030243",0.0001194815
"Thyroid","rs7217852",-0.01968502
"Thyroid","rs9904270",-0.003650415
"Thyroid","rs2715554",-0.002655586
"Thyroid","rs2715553",-0.001155514
"Thyroid","rs9303285",-0.02203931
"Thyroid","rs15685",-0.008115507
"Thyroid","rs2715556",0.007995505
"Thyroid","rs17680217",-0.008115507
"Thyroid","rs477220",0.01525847
"Thyroid","rs2715555",0.01686113
"Thyroid","rs13695",-0.03427084
"Thyroid","rs11540720",-0.008367067
"Thyroid","rs34300454",-0.008367067
"Thyroid","rs16965748",-0.008367067
"Thyroid","rs471692",0.01859575
"Thyroid","rs17680410",-0.008115507
"Thyroid","rs28362320",-0.008367067
"Thyroid","rs2586112",0.02503242
"Artery_Aorta","rs7501488",0.006725405
"Artery_Aorta","rs7208252",-0.001168549
"Artery_Aorta","rs8076997",-0.001315072
"Artery_Aorta","rs9646419",-0.001168549
"Artery_Aorta","rs12150047",-0.001168549
"Artery_Aorta","rs8076041",0.009144291
"Artery_Aorta","rs12947620",0.006725405
"Artery_Aorta","rs4795369",0.004568244
"Artery_Aorta","rs11655550",-0.001361966
"Artery_Aorta","rs4611492",0.008991137
"Artery_Aorta","rs11657899",0.007995549
"Artery_Aorta","rs12948906",0.005350673
"Artery_Aorta","rs6503518",0.005350673
"Artery_Aorta","rs7225096",0.005350673
"Artery_Aorta","rs12936996",0.005350673
"Artery_Aorta","rs11868837",-0.008217824
"Artery_Aorta","rs7503705",0.005350673
"Artery_Aorta","rs11078913",0.00500341
"Artery_Aorta","rs8068497",0.01133551
"Artery_Aorta","rs8065963",0.005350673
"Artery_Aorta","rs4404103",0.01133551
"Artery_Aorta","rs8069074",-0.0047345
"Artery_Aorta","rs12450559",0.004554027
"Artery_Aorta","rs4239222",0.006553994
"Artery_Aorta","rs4794814",0.004554027
"Artery_Aorta","rs16965156",0.002198956
"Artery_Aorta","rs11654018",0.004554027
"Artery_Aorta","rs2303316",0.005350673
"Artery_Aorta","rs12947506",-0.005531146
"Artery_Aorta","rs7503377",-0.005531146
"Artery_Aorta","rs7216086",0.005350673
"Artery_Aorta","rs9972899",0.0001531543
"Artery_Aorta","rs6503521",-0.005531146
"Artery_Aorta","rs7503195",0.01568557
"Artery_Aorta","rs8081144",0.007740801
"Artery_Aorta","rs7218361",-0.003383293
"Artery_Aorta","rs1619021",0.003345438
"Artery_Aorta","rs11654954",0.002298268
"Artery_Aorta","rs9889354",0.01177259
"Artery_Aorta","rs4795388",0.00277025
"Artery_Aorta","rs1877032",0.007100642
"Artery_Aorta","rs9907501",0.007100642
"Artery_Aorta","rs34130088",0.000691977
"Artery_Aorta","rs8075931",0.000691977
"Artery_Aorta","rs8075130",0.000691977
"Artery_Aorta","rs1874228",0.0038382
"Artery_Aorta","rs879606",-0.003262442
"Artery_Aorta","rs10852934",-0.003262442
"Artery_Aorta","rs907094",-0.0005149588
"Artery_Aorta","rs3764352",-0.0005149588
"Artery_Aorta","rs9532",0.002351139
"Artery_Aorta","rs2132140",0.0007652652
"Artery_Aorta","rs8066399",0.000691977
"Artery_Aorta","rs12937003",0.000691977
"Artery_Aorta","rs9892427",0.003237097
"Artery_Aorta","rs9972882",0.0004994512
"Artery_Aorta","rs2941515",0.002589623
"Artery_Aorta","rs1877031",0.003736548
"Artery_Aorta","rs2952149",0.002589623
"Artery_Aorta","rs2271308",0.00285059
"Artery_Aorta","rs2941513",0.002589623
"Artery_Aorta","rs2934963",0.002589623
"Artery_Aorta","rs931992",0.003736548
"Artery_Aorta","rs2941510",0.002589623
"Artery_Aorta","rs1053651",0.00364047
"Artery_Aorta","rs876493",0.005145689
"Artery_Aorta","rs5638",0.002351139
"Artery_Aorta","rs3152",0.009555582
"Artery_Aorta","rs14050",-0.0009717737
"Artery_Aorta","rs2952151",-0.0009717737
"Artery_Aorta","rs2941503",-0.002257126
"Artery_Aorta","rs907087",-0.00116168
"Artery_Aorta","rs2247862",-0.00116168
"Artery_Aorta","rs903502",0.002155201
"Artery_Aorta","rs1565922",-0.003510539
"Artery_Aorta","rs9675194",0.002469823
"Artery_Aorta","rs12150298",0.002469823
"Artery_Aorta","rs11078919",0.002469823
"Artery_Aorta","rs1476278",0.001827706
"Artery_Aorta","rs9303274",0.001827706
"Artery_Aorta","rs12940986",0.001827706
"Artery_Aorta","rs903501",-0.0007430611
"Artery_Aorta","rs2517955",-0.001109149
"Artery_Aorta","rs2517956",-0.001295602
"Artery_Aorta","rs2934971",-0.003037759
"Artery_Aorta","rs4252596",-0.01446204
"Artery_Aorta","rs4252607",-0.002016547
"Artery_Aorta","rs4252612",-0.000980953
"Artery_Aorta","rs1810132",-0.001626412
"Artery_Aorta","rs4252661",-0.001572461
"Artery_Aorta","rs4252665",-0.01978127
"Artery_Aorta","rs9896940",-0.02190677
"Artery_Aorta","rs11078921",0.005727262
"Artery_Aorta","rs9891131",-0.02202182
"Artery_Aorta","rs12946510",0.01171618
"Artery_Aorta","rs2941509",-0.01852776
"Artery_Aorta","rs907091",0.01210921
"Artery_Aorta","rs907092",0.007531991
"Artery_Aorta","rs7503018",-0.01898109
"Artery_Aorta","rs10445308",0.004352928
"Artery_Aorta","rs9911688",-0.01898109
"Artery_Aorta","rs17676191",0.007535086
"Artery_Aorta","rs12937330",-0.01898109
"Artery_Aorta","rs9909593",0.004352928
"Artery_Aorta","rs12943633",-0.02392391
"Artery_Aorta","rs9913957",-0.01898109
"Artery_Aorta","rs9303277",0.01299365
"Artery_Aorta","rs8076347",-0.01898109
"Artery_Aorta","rs2060941",-0.004538709
"Artery_Aorta","rs3816470",0.01672807
"Artery_Aorta","rs9913769",-0.01898109
"Artery_Aorta","rs9908694",-0.01898109
"Artery_Aorta","rs8079075",-0.01898109
"Artery_Aorta","rs9907966",-0.01898109
"Artery_Aorta","rs9635726",-0.0003351994
"Artery_Aorta","rs1453560",-0.01898109
"Artery_Aorta","rs12150079",0.000466156
"Artery_Aorta","rs2872507",-0.004783689
"Artery_Aorta","rs9901146",0.01872183
"Artery_Aorta","rs8067378",0.01859205
"Artery_Aorta","rs8069176",-0.001108658
"Artery_Aorta","rs2305480",0.006100292
"Artery_Aorta","rs2305479",0.007837845
"Artery_Aorta","rs11078926",0.006100292
"Artery_Aorta","rs11078927",0.007458318
"Artery_Aorta","rs1008723",0.008933291
"Artery_Aorta","rs4795400",0.007197859
"Artery_Aorta","rs869402",0.01083409
"Artery_Aorta","rs7216389",0.00947606
"Artery_Aorta","rs9303281",0.01009447
"Artery_Aorta","rs7219923",0.01009447
"Artery_Aorta","rs7224129",0.01009447
"Artery_Aorta","rs3169572",-0.01017272
"Artery_Aorta","rs8076131",0.005394403
"Artery_Aorta","rs3744246",-0.02123745
"Artery_Aorta","rs4795402",-0.03138647
"Artery_Aorta","rs4795403",-0.02059534
"Artery_Aorta","rs4795404",-0.02123745
"Artery_Aorta","rs4795405",-0.004911224
"Artery_Aorta","rs8079416",-0.005729787
"Artery_Aorta","rs8065126",0.004530808
"Artery_Aorta","rs3893044",0.004339248
"Artery_Aorta","rs1007654",0.002050768
"Artery_Aorta","rs7219080",0.005617957
"Artery_Aorta","rs3902025",0.004560368
"Artery_Aorta","rs3894194",0.002550254
"Artery_Aorta","rs3859192",0.00363934
"Artery_Aorta","rs921651",-0.007310674
"Artery_Aorta","rs3859190",-0.004854746
"Artery_Aorta","rs8075668",0.0004162483
"Artery_Aorta","rs11655584",-0.002147291
"Artery_Aorta","rs2305482",0.002710692
"Artery_Aorta","rs4065321",0.002710692
"Artery_Aorta","rs9916279",-0.004150037
"Artery_Aorta","rs8066582",0.002710692
"Artery_Aorta","rs8080546",-0.004553392
"Artery_Aorta","rs12453334",0.004431124
"Artery_Aorta","rs8070454",0.007565438
"Artery_Aorta","rs8078723",0.006228975
"Artery_Aorta","rs2227319",0.0003751197
"Artery_Aorta","rs2071369",-0.002454057
"Artery_Aorta","rs2071370",-0.002907386
"Artery_Aorta","rs25645",0.0003751197
"Artery_Aorta","rs1042658",0.006228975
"Artery_Aorta","rs709592",0.007102025
"Artery_Aorta","rs11555254",-0.004553392
"Artery_Aorta","rs9913632",-0.002907386
"Artery_Aorta","rs2302776",0.0001995943
"Artery_Aorta","rs3213762",0.008646153
"Artery_Aorta","rs2302777",-0.0008334693
"Artery_Aorta","rs9916158",-0.0008498352
"Artery_Aorta","rs2302775",-0.006604094
"Artery_Aorta","rs7502514",0.004179381
"Artery_Aorta","rs3935280",0.004179381
"Artery_Aorta","rs11078934",0.004179381
"Artery_Aorta","rs6503534",-0.003981551
"Artery_Aorta","rs3934886",-0.008043941
"Artery_Aorta","rs11078936",0.004352769
"Artery_Aorta","rs868150",-0.003975286
"Artery_Aorta","rs7502912",-0.005866547
"Artery_Aorta","rs7502966",0.02208101
"Artery_Aorta","rs939345",0.008762468
"Artery_Aorta","rs7502233",0.008224906
"Artery_Aorta","rs1568400",-0.009609146
"Artery_Aorta","rs7407003",-0.009839704
"Artery_Aorta","rs7217291",-0.007591273
"Artery_Aorta","rs7217037",-0.009197587
"Artery_Aorta","rs3923377",-0.005215349
"Artery_Aorta","rs1879265",-0.00474884
"Artery_Aorta","rs36088892",-0.004909023
"Artery_Aorta","rs12948025",-0.00503683
"Artery_Aorta","rs4794826",0.01441977
"Artery_Aorta","rs883871",-0.004871334
"Artery_Aorta","rs2314339",-0.004871334
"Artery_Aorta","rs2102928",0.006189445
"Artery_Aorta","rs2269457",-0.01969992
"Artery_Aorta","rs12941497",-0.008349914
"Artery_Aorta","rs4795424",-0.001883048
"Artery_Aorta","rs17616365",-0.002203153
"Artery_Aorta","rs939347",-0.001883048
"Artery_Aorta","rs2071570",0.007304308
"Artery_Aorta","rs16965644",0.01608062
"Artery_Aorta","rs9900154",-0.002632333
"Artery_Aorta","rs17678817",-0.001586861
"Artery_Aorta","rs16965666",0.01292275
"Artery_Aorta","rs16965669",-0.002632333
"Artery_Aorta","rs17678928",0.0202239
"Artery_Aorta","rs17678959",-0.001586861
"Artery_Aorta","rs9910373",-0.002632333
"Artery_Aorta","rs10852939",-0.008282915
"Artery_Aorta","rs9909777",-0.002632333
"Artery_Aorta","rs17616879",-0.001586861
"Artery_Aorta","rs3923166",-0.00554151
"Artery_Aorta","rs17679086",-0.001586861
"Artery_Aorta","rs1107651",-0.01030339
"Artery_Aorta","rs12103533",-0.002632333
"Artery_Aorta","rs17679115",-0.004740445
"Artery_Aorta","rs2314338",0.03613254
"Artery_Aorta","rs2280400",0.01351879
"Artery_Aorta","rs12103921",0.01525524
"Artery_Aorta","rs11867995",-0.008616774
"Artery_Aorta","rs11871303",-0.01038585
"Artery_Aorta","rs7359537",0.009074854
"Artery_Aorta","rs28537537",0.009074854
"Artery_Aorta","rs16965687",0.009074854
"Artery_Aorta","rs9916782",0.009074854
"Artery_Aorta","rs9904021",0.007487993
"Artery_Aorta","rs9893520",0.009074854
"Artery_Aorta","rs11078940",0.009074854
"Artery_Aorta","rs4566234",0.007487993
"Artery_Aorta","rs4077125",0.007487993
"Artery_Aorta","rs9916460",0.009074854
"Artery_Aorta","rs9892946",0.007487993
"Artery_Aorta","rs2077464",0.005380796
"Artery_Aorta","rs4135012",-0.001586861
"Artery_Aorta","rs4135021",-0.001586861
"Artery_Aorta","rs13706",0.006967657
"Artery_Aorta","rs36030243",0.003714243
"Artery_Aorta","rs7217852",0.005380796
"Artery_Aorta","rs9904270",0.009074854
"Artery_Aorta","rs2715554",-0.0003587294
"Artery_Aorta","rs2715553",-0.02489425
"Artery_Aorta","rs9303285",0.004655531
"Artery_Aorta","rs15685",0.0007461668
"Artery_Aorta","rs2715556",-0.004810315
"Artery_Aorta","rs17680217",-0.001586861
"Artery_Aorta","rs477220",-0.004162472
"Artery_Aorta","rs2715555",0.002253278
"Artery_Aorta","rs13695",0.02526578
"Artery_Aorta","rs11540720",-0.001859456
"Artery_Aorta","rs34300454",-0.001859456
"Artery_Aorta","rs16965748",-0.001859456
"Artery_Aorta","rs471692",-0.004162472
"Artery_Aorta","rs17680410",-0.001586861
"Artery_Aorta","rs28362320",-0.001859456
"Artery_Aorta","rs2586112",-0.003438236
