"celltype","snp","weight"
"B_memory","rs9271100",0.006597956
"B_memory","rs660895",0.01195391
"B_memory","rs9271170",0.006597956
"B_memory","rs532098",-0.001203324
"B_memory","rs674313",-0.01693471
"B_memory","rs502771",-0.005394632
"B_memory","rs502055",-0.005394632
"B_memory","rs28421666",-0.01887172
"B_memory","rs9271775",0.01805198
"B_memory","rs9272426",0.01532576
"B_memory","rs9273012",0.01493423
"B_memory","rs17843604",-0.03219931
"B_memory","rs28483633",0.01541374
"B_memory","rs1063355",-0.01332759
"B_memory","rs2854275",0.03181
"B_memory","rs3891175",-0.0006417542
"B_memory","rs3828796",0.0198729
"B_memory","rs2857114",-0.01562504
"B_memory","rs2621332",-0.00521703
"B_memory","rs2621331",-0.006631885
"B_memory","rs11244",0.01473578
"B_memory","rs2070120",-0.004039059
"B_memory","rs2071479",-0.002191111
"B_memory","rs11967235",-0.01171914
"B_memory","rs2621330",0.002821725
"B_memory","rs2070121",-0.004039059
"B_memory","rs2856997",-0.004392279
"B_memory","rs17501267",0.007680083
"B_memory","rs2071475",-0.00334111
"B_memory","rs2071474",-0.002174772
"B_memory","rs2071473",-0.001664349
"B_memory","rs7383287",-0.001869329
"B_memory","rs2857111",0.01282507
"B_memory","rs2071472",-0.002174772
"B_memory","rs2071554",0.001821552
"B_memory","rs2071469",0.0106503
"B_memory","rs2071468",0.01282507
"B_memory","rs7742120",0.01282507
"B_memory","rs7762120",0.01282507
"B_memory","rs2857107",-0.009846572
"B_memory","rs17429444",-0.007972991
"B_memory","rs3763355",-0.01456948
"B_memory","rs3763354",0.01339767
"B_memory","rs1894407",0.01807496
"B_memory","rs1894406",0.02425701
"B_memory","rs3763350",0.01005821
"B_memory","rs17220136",0.007680083
"B_memory","rs2857106",0.00634193
"B_memory","rs9784758",0.005423648
"B_memory","rs2621323",0.01293192
"B_memory","rs2621322",0.008124071
"B_memory","rs9784876",0.005423648
"B_memory","rs2621321",0.007508268
"B_memory","rs16870907",-0.00356951
"B_memory","rs2857105",0.002821725
"B_memory","rs2857103",0.003938758
"B_memory","rs13209654",-0.0006158036
"B_memory","rs16870923",0.01047749
"B_memory","rs1894411",-0.01010066
"B_memory","rs13501",0.003938758
"B_memory","rs1044043",0.03276425
"B_memory","rs2857101",0.007508268
"B_memory","rs10484565",0.005488972
"B_memory","rs241456",0.003425155
"B_memory","rs241455",0.003425155
"B_memory","rs241454",0.003425155
"B_memory","rs241453",0.003425155
"B_memory","rs241452",0.003425155
"B_memory","rs241451",-0.00701975
"B_memory","rs17034",0.003297173
"B_memory","rs241449",0.003425155
"B_memory","rs241448",0.003425155
"B_memory","rs241447",0.003425155
"B_memory","rs4148876",-0.0122228
"B_memory","rs241446",0.003425155
"B_memory","rs241445",0.003425155
"B_memory","rs241440",-0.006239068
"B_memory","rs241439",-0.01519768
"B_memory","rs241438",-0.005281172
"B_memory","rs241437",0.0003601169
"B_memory","rs2228396",-0.02850357
"B_memory","rs241436",0.01508679
"B_memory","rs9380326",0.03951522
"B_memory","rs1015166",0.02530623
"B_memory","rs241433",0.02437894
"B_memory","rs2228397",-0.02745483
"B_memory","rs241432",0.03288553
"B_memory","rs241431",-0.002776384
"B_memory","rs4148872",0.009403262
"B_memory","rs241430",0.025311
"B_memory","rs4148871",0.05243757
"B_memory","rs241429",0.01898565
"B_memory","rs241428",0.00224274
"B_memory","rs3819714",-0.00438921
"B_memory","rs3819715",-0.00438921
"B_memory","rs3819717",-0.002132112
"B_memory","rs241427",-0.005768824
"B_memory","rs3819720",0.02664662
"B_memory","rs3819721",0.003267668
"B_memory","rs241425",-0.009469821
"B_memory","rs241424",0.04023185
"B_memory","rs2239701",-0.03773923
"B_memory","rs2071544",0.006930351
"B_memory","rs4148870",-0.003015674
"B_memory","rs4713598",-0.0103817
"B_memory","rs3763365",0.01664358
"B_memory","rs3763349",-0.02091228
"B_memory","rs9357155",0.01558593
"B_memory","rs9276810",0.00400138
"B_memory","rs6924102",-0.002786139
"B_memory","rs2071543",0.003436595
"B_memory","rs2071541",0.003613826
"B_memory","rs2071540",-0.006482987
"B_memory","rs3198005",0.01125069
"B_memory","rs1057373",-0.002194266
"B_memory","rs13215",0.002653836
"B_memory","rs4711312",-0.0003745374
"B_memory","rs1057149",0.0042687
"B_memory","rs1135216",-0.0003745374
"B_memory","rs16871026",-0.007578764
"B_memory","rs17213812",0.003638646
"B_memory","rs16871027",0.0042687
"B_memory","rs2071482",0.01995355
"B_memory","rs4148882",0.01823525
"B_memory","rs12527715",-0.0003563027
"B_memory","rs12529313",-0.0003563027
"B_memory","rs2395269",-0.004625002
"B_memory","rs241423",0.0149376
"B_memory","rs2127680",-0.001614863
"B_memory","rs2127679",-0.001614863
"B_memory","rs4148881",-0.001194742
"B_memory","rs2071538",0.01240284
"B_memory","rs1057141",-0.0003563027
"B_memory","rs2284190",0.001596554
"B_memory","rs2071481",-0.003010139
"B_memory","rs1351383",-0.01284587
"B_memory","rs4713600",-0.01284587
"B_memory","rs3763346",0.001385799
"B_memory","rs991760",-0.005859144
"B_memory","rs2071534",0.001385799
"B_memory","rs17587",0.009075849
"B_memory","rs2071477",-0.01284587
"B_memory","rs2071476",0.001385799
"B_memory","rs9276815",-0.009020448
"B_memory","rs20547",0.01383527
"B_memory","rs6930981",0.001385799
"B_memory","rs194682",-0.04369886
"B_memory","rs6899309",-0.01049967
"B_memory","rs17583915",-0.01573647
"B_memory","rs10679",0.01755699
"B_memory","rs1063478",0.005316956
"B_memory","rs1050391",-0.05059701
"B_memory","rs11539216",0.01876585
"B_memory","rs17617515",-0.01573647
"B_memory","rs3135029",-0.04895024
"B_memory","rs9378127",-0.00169677
"B_memory","rs209473",-0.0338932
"B_memory","rs28724903",0.01089035
"B_memory","rs209474",-0.01453185
"B_memory","rs209475",-0.03387378
"B_memory","rs580962",-0.01342188
"B_memory","rs206762",-0.001360994
"B_memory","rs3128931",-0.05004575
"B_memory","rs3128933",0.01787714
"B_memory","rs3130602",0.01787714
"B_memory","rs3128935",0.0250089
"B_memory","rs1044429",0.01353206
"B_memory","rs592625",0.003228465
"B_memory","rs376892",-0.01491121
"B_memory","rs35776718",0.004987069
"B_memory","rs9276975",0.006030177
"B_memory","rs3129304",-0.003554598
"B_memory","rs3129303",-0.003554598
"B_memory","rs417812",0.03959639
"B_memory","rs408036",-0.01803545
"B_memory","rs3129302",-0.03128386
"B_memory","rs2581",0.03481802
"B_memory","rs2582",0.02182624
"B_memory","rs6913008",0.02296309
"B_memory","rs399604",0.03370141
"B_memory","rs365066",0.03370141
"B_memory","rs453779",-0.01852392
"B_memory","rs2267647",0.04696042
"B_memory","rs369150",0.005011037
"B_memory","rs375256",0.005011037
"B_memory","rs364950",-0.006276746
"B_memory","rs6920363",0.005727283
"B_memory","rs2284191",0.01781454
"B_memory","rs86567",0.003684083
"B_memory","rs404557",-0.006276746
"B_memory","rs6457694",0.005727283
"B_memory","rs403414",-0.02459189
"B_memory","rs381218",0.003644478
"B_memory","rs396090",0.05337215
"B_memory","rs16871338",0.005727283
"B_memory","rs6911639",-0.008036736
"B_memory","rs429916",0.01995297
"B_memory","rs3763342",0.02343968
"B_memory","rs3763341",0.02066951
"B_memory","rs4713603",0.1218197
"B_memory","rs4711313",0.1218197
"B_memory","rs447088",0.02148427
"B_memory","rs4559123",0.01781454
"B_memory","rs441126",-0.005645025
"B_memory","rs4486068",0.1218197
"B_memory","rs3130603",-0.006716042
"B_memory","rs34354079",-0.05980499
"B_memory","rs6457699",0.1218197
"B_memory","rs9276991",-0.0699155
"B_memory","rs9276992",-0.0699155
"B_memory","rs34570277",-0.05980499
"B_memory","rs413887",-0.005645025
"B_memory","rs3116956",-0.009832628
"B_memory","rs9380351",0.05658188
"B_memory","rs2235498",0.05382364
"B_memory","rs2257126",-0.007765003
"B_memory","rs2855455",-0.00898738
"B_memory","rs2855453",-0.00898738
"B_memory","rs986521",-0.01052024
"B_memory","rs2229784",0.02460845
"B_memory","rs2855448",0.02011255
"B_memory","rs2855442",-0.008297387
"B_memory","rs2855441",0.02783779
"B_memory","rs9368758",-0.02145816
"B_memory","rs2855440",-0.01394455
"B_memory","rs2855437",0.02117015
"B_memory","rs1799910",-0.03254863
"B_memory","rs2855434",-0.008297387
"B_memory","rs973233",-0.02459302
"B_memory","rs2855432",-0.005922811
"B_memory","rs9277932",0.001823348
"B_memory","rs2855430",-0.01534113
"B_memory","rs970901",0.001823348
"B_memory","rs2076312",-0.002539501
"B_memory","rs3762013",0.001823348
"B_memory","rs2855426",0.01412641
"B_memory","rs2071025",-0.01462865
"B_memory","rs2855425",-0.005922811
"B_memory","rs2076311",-0.01577077
"B_memory","rs2855423",-0.01603909
"B_memory","rs16868943",-0.006401341
"B_memory","rs2744507",-0.01625777
"B_memory","rs2855459",-0.01534113
"B_memory","rs2855429",-0.005922811
"B_memory","rs2269346",-0.02145816
"B_memory","rs9277935",-0.04409618
"B_memory","rs1050673",-0.005922811
"B_memory","rs2744537",-0.005922811
"B_memory","rs6531",-0.005922811
"B_memory","rs3117040",-0.003561937
"B_memory","rs2076310",-0.01462865
"B_memory","rs110662",-0.01726147
"B_memory","rs1059288",0.009146409
"B_memory","rs35404844",-0.01698528
"B_memory","rs9469397",-0.04948421
"B_memory","rs12664430",0.03742432
"B_memory","rs2282851",0.01655921
"B_memory","rs3106191",0.01655921
"B_memory","rs3106189",-0.003327876
"B_memory","rs3130099",-0.003327876
"B_memory","rs1061801",0.002852374
"B_memory","rs1061783",-0.007949225
"B_memory","rs3130100",-0.01425616
"B_memory","rs1705003",0.01652268
"B_memory","rs211456",-0.01104366
"B_memory","rs7752202",0.02744071
"B_memory","rs9461856",-0.01300249
"B_memory","rs413722",0.0360345
"B_memory","rs9394145",-0.01225672
"B_memory","rs453590",-0.0116797
"B_memory","rs10807124",-0.01346559
"B_memory","rs411136",-0.004044883
"B_memory","rs2772376",-0.007464984
"B_memory","rs1755044",-0.00530795
"B_memory","rs2247385",-0.007464984
"B_memory","rs2772385",-0.009177947
"B_memory","rs3119025",0.0360345
"B_memory","rs7748370",0.01079774
"B_memory","rs11759461",0.002394383
"B_memory","rs6910721",-0.005675962
"B_memory","rs4713630",-0.02109639
"B_memory","rs7747216",-0.01248638
"B_memory","rs3857558",-0.02109639
"B_memory","rs4713633",-0.02109639
"B_memory","rs9296092",-0.02123421
"B_memory","rs86715",-0.01980658
"B_memory","rs68191",-0.003986902
"B_memory","rs210192",-0.006318823
"B_memory","rs10484894",-0.001404358
"B_memory","rs210179",-0.02453247
"B_memory","rs6457730",0.01303232
"B_memory","rs6929647",0.01303232
"B_memory","rs9469465",0.01303232
"B_memory","rs435945",-0.004119138
"B_memory","rs449242",-0.01015801
"B_memory","rs9469481",-0.007585242
"B_memory","rs368716",-0.007585242
"B_memory","rs396516",-0.007585242
"B_memory","rs210196",-0.004731052
"B_memory","rs210197",-0.01172334
"B_memory","rs210203",-0.02608148
"B_memory","rs210152",0.005437583
"B_memory","rs5000098",0.009688774
"B_memory","rs9461882",0.007378733
"B_memory","rs9469491",0.01349193
"B_memory","rs9366824",0.006257151
"B_memory","rs210170",0.01743482
"B_memory","rs6910233",-0.005321845
"B_memory","rs6914422",0.01307285
"B_memory","rs210131",0.02622456
"B_memory","rs210132",-0.01856081
"B_memory","rs17627049",0.005049663
"B_memory","rs210134",-0.005386485
"B_memory","rs513349",0.003788028
"B_memory","rs210137",0.0140397
"B_memory","rs9296095",-0.001318553
"B_memory","rs210138",0.0140397
"B_memory","rs11757379",0.01728578
"B_memory","rs210139",0.02137357
"B_memory","rs5745582",-0.001318553
"B_memory","rs5745568",-0.0001826589
"B_memory","rs530878",-0.02731354
"B_memory","rs394199",-0.01087797
"B_memory","rs419261",0.01571854
"B_memory","rs4559081",0.04042266
"B_memory","rs420361",-0.01320607
"B_memory","rs396746",-0.03453363
"B_memory","rs430655",-0.01046479
"B_memory","rs375555",0.006484359
"B_memory","rs210162",-0.0209183
"B_memory","rs210163",-0.006289299
"B_memory","rs6929774",0.0186412
"B_memory","rs6457736",-0.002670962
"B_memory","rs493871",-0.01116441
"B_memory","rs12213869",-0.00502882
"B_memory","rs4713638",-0.02463963
"B_memory","rs510153",-0.001505374
"B_memory","rs210120",-0.007889867
"B_memory","rs210122",-0.007889867
"B_memory","rs444697",-0.006654569
"CD4_CTL","rs9271100",-9.001139e-05
"CD4_CTL","rs660895",-0.001740811
"CD4_CTL","rs9271170",-9.001139e-05
"CD4_CTL","rs532098",-0.0008081483
"CD4_CTL","rs674313",0.00115795
"CD4_CTL","rs502771",0.0008981597
"CD4_CTL","rs502055",0.0008981597
"CD4_CTL","rs28421666",-0.0003334375
"CD4_CTL","rs9271775",0.0009025035
"CD4_CTL","rs9272426",-0.0003210182
"CD4_CTL","rs9273012",0.001736089
"CD4_CTL","rs17843604",0.002040069
"CD4_CTL","rs28483633",-0.0002296421
"CD4_CTL","rs1063355",0.002373506
"CD4_CTL","rs2854275",0.00104744
"CD4_CTL","rs3891175",0.0006198864
"CD4_CTL","rs3828796",-0.003239279
"CD4_CTL","rs2857114",0.0007014122
"CD4_CTL","rs2621332",0.0002417407
"CD4_CTL","rs2621331",0.0006726756
"CD4_CTL","rs11244",0.001347402
"CD4_CTL","rs2070120",-0.00116935
"CD4_CTL","rs2071479",0.0009862573
"CD4_CTL","rs11967235",0.001030254
"CD4_CTL","rs2621330",7.241438e-05
"CD4_CTL","rs2070121",-0.00116935
"CD4_CTL","rs2856997",-0.001122242
"CD4_CTL","rs17501267",-0.002199604
"CD4_CTL","rs2071475",-0.004578683
"CD4_CTL","rs2071474",-0.0008456396
"CD4_CTL","rs2071473",0.0006176904
"CD4_CTL","rs7383287",0.001314958
"CD4_CTL","rs2857111",-0.002102756
"CD4_CTL","rs2071472",-0.0008456396
"CD4_CTL","rs2071554",0.0008927474
"CD4_CTL","rs2071469",-0.002948396
"CD4_CTL","rs2071468",-0.002102756
"CD4_CTL","rs7742120",-0.002102756
"CD4_CTL","rs7762120",-0.002102756
"CD4_CTL","rs2857107",0.0006110176
"CD4_CTL","rs17429444",0.002311269
"CD4_CTL","rs3763355",0.0004163764
"CD4_CTL","rs3763354",-0.0002768747
"CD4_CTL","rs1894407",-0.0002027991
"CD4_CTL","rs1894406",-0.001042287
"CD4_CTL","rs3763350",9.684758e-05
"CD4_CTL","rs17220136",-0.002199604
"CD4_CTL","rs2857106",-0.00275457
"CD4_CTL","rs9784758",0.00146333
"CD4_CTL","rs2621323",0.002441803
"CD4_CTL","rs2621322",-0.002821541
"CD4_CTL","rs9784876",0.00146333
"CD4_CTL","rs2621321",0.0009784733
"CD4_CTL","rs16870907",0.001492067
"CD4_CTL","rs2857105",7.241438e-05
"CD4_CTL","rs2857103",0.00247054
"CD4_CTL","rs13209654",0.003800014
"CD4_CTL","rs16870923",0.0004490281
"CD4_CTL","rs1894411",0.0009074508
"CD4_CTL","rs13501",0.00247054
"CD4_CTL","rs1044043",4.668333e-05
"CD4_CTL","rs2857101",0.0009784733
"CD4_CTL","rs10484565",-0.001213347
"CD4_CTL","rs241456",0.00142701
"CD4_CTL","rs241455",0.00142701
"CD4_CTL","rs241454",0.00142701
"CD4_CTL","rs241453",0.00142701
"CD4_CTL","rs241452",0.00142701
"CD4_CTL","rs241451",0.003040631
"CD4_CTL","rs17034",0.00118157
"CD4_CTL","rs241449",0.00142701
"CD4_CTL","rs241448",0.00142701
"CD4_CTL","rs241447",0.00142701
"CD4_CTL","rs4148876",-0.0004025306
"CD4_CTL","rs241446",0.00142701
"CD4_CTL","rs241445",0.00142701
"CD4_CTL","rs241440",0.001080982
"CD4_CTL","rs241439",5.721209e-05
"CD4_CTL","rs241438",0.001889323
"CD4_CTL","rs241437",0.0004907648
"CD4_CTL","rs2228396",-0.002211336
"CD4_CTL","rs241436",0.003770863
"CD4_CTL","rs9380326",0.0007609648
"CD4_CTL","rs1015166",0.001699001
"CD4_CTL","rs241433",-0.0006018133
"CD4_CTL","rs2228397",0.0008248775
"CD4_CTL","rs241432",-0.0002871136
"CD4_CTL","rs241431",-1.709676e-06
"CD4_CTL","rs4148872",0.001263337
"CD4_CTL","rs241430",-0.0008147528
"CD4_CTL","rs4148871",0.001586642
"CD4_CTL","rs241429",-0.003325604
"CD4_CTL","rs241428",-0.0003166872
"CD4_CTL","rs3819714",0.003162722
"CD4_CTL","rs3819715",0.003162722
"CD4_CTL","rs3819717",0.001428978
"CD4_CTL","rs241427",0.001192054
"CD4_CTL","rs3819720",-0.002232081
"CD4_CTL","rs3819721",-0.004014993
"CD4_CTL","rs241425",0.003168651
"CD4_CTL","rs241424",-0.003213889
"CD4_CTL","rs2239701",-0.001882312
"CD4_CTL","rs2071544",-0.002392473
"CD4_CTL","rs4148870",-0.0009984686
"CD4_CTL","rs4713598",-0.0005280422
"CD4_CTL","rs3763365",-0.002127316
"CD4_CTL","rs3763349",0.002087453
"CD4_CTL","rs9357155",-0.002648118
"CD4_CTL","rs9276810",-0.0007085563
"CD4_CTL","rs6924102",-0.0007088139
"CD4_CTL","rs2071543",-0.001972439
"CD4_CTL","rs2071541",-0.001448342
"CD4_CTL","rs2071540",0.002055757
"CD4_CTL","rs3198005",0.000626327
"CD4_CTL","rs1057373",-8.790108e-05
"CD4_CTL","rs13215",-0.001357274
"CD4_CTL","rs4711312",-0.001434781
"CD4_CTL","rs1057149",3.98634e-05
"CD4_CTL","rs1135216",-0.001434781
"CD4_CTL","rs16871026",-0.0004894232
"CD4_CTL","rs17213812",-0.001831997
"CD4_CTL","rs16871027",3.98634e-05
"CD4_CTL","rs2071482",-0.0004326359
"CD4_CTL","rs4148882",0.001382501
"CD4_CTL","rs12527715",-0.001065684
"CD4_CTL","rs12529313",-0.001065684
"CD4_CTL","rs2395269",-0.001105548
"CD4_CTL","rs241423",9.012057e-05
"CD4_CTL","rs2127680",-0.001397138
"CD4_CTL","rs2127679",-0.001397138
"CD4_CTL","rs4148881",0.001541913
"CD4_CTL","rs2071538",0.004145925
"CD4_CTL","rs1057141",-0.001065684
"CD4_CTL","rs2284190",-0.001941734
"CD4_CTL","rs2071481",0.0002915901
"CD4_CTL","rs1351383",-0.0003143458
"CD4_CTL","rs4713600",-0.0003143458
"CD4_CTL","rs3763346",-0.0006550324
"CD4_CTL","rs991760",0.0009076968
"CD4_CTL","rs2071534",-0.0006550324
"CD4_CTL","rs17587",0.0008097804
"CD4_CTL","rs2071477",-0.0003143458
"CD4_CTL","rs2071476",-0.0006550324
"CD4_CTL","rs9276815",-0.001642489
"CD4_CTL","rs20547",-0.0005420713
"CD4_CTL","rs6930981",-0.0006550324
"CD4_CTL","rs194682",-0.001506427
"CD4_CTL","rs6899309",0.001193995
"CD4_CTL","rs17583915",-0.001442538
"CD4_CTL","rs10679",0.0008403592
"CD4_CTL","rs1063478",-0.00128844
"CD4_CTL","rs1050391",-0.001712309
"CD4_CTL","rs11539216",0.001093458
"CD4_CTL","rs17617515",-0.001442538
"CD4_CTL","rs3135029",-0.00172597
"CD4_CTL","rs9378127",-0.001589225
"CD4_CTL","rs209473",-0.0009501247
"CD4_CTL","rs28724903",-0.000575951
"CD4_CTL","rs209474",0.0003555226
"CD4_CTL","rs209475",-0.000516096
"CD4_CTL","rs580962",-0.00219513
"CD4_CTL","rs206762",-0.0004019201
"CD4_CTL","rs3128931",0.001935405
"CD4_CTL","rs3128933",-0.0003565271
"CD4_CTL","rs3130602",-0.0003565271
"CD4_CTL","rs3128935",0.0003405862
"CD4_CTL","rs1044429",0.001128961
"CD4_CTL","rs592625",0.0007921552
"CD4_CTL","rs376892",-0.002821667
"CD4_CTL","rs35776718",-0.0006972646
"CD4_CTL","rs9276975",0.0003719947
"CD4_CTL","rs3129304",-0.0001130523
"CD4_CTL","rs3129303",-0.0001130523
"CD4_CTL","rs417812",0.0008129662
"CD4_CTL","rs408036",0.001276984
"CD4_CTL","rs3129302",0.0008070142
"CD4_CTL","rs2581",0.0008626435
"CD4_CTL","rs2582",0.0007281284
"CD4_CTL","rs6913008",0.0003797327
"CD4_CTL","rs399604",0.0009109378
"CD4_CTL","rs365066",0.0009109378
"CD4_CTL","rs453779",-0.0007420368
"CD4_CTL","rs2267647",0.0001478204
"CD4_CTL","rs369150",5.220544e-05
"CD4_CTL","rs375256",5.220544e-05
"CD4_CTL","rs364950",0.00120946
"CD4_CTL","rs6920363",0.0004789997
"CD4_CTL","rs2284191",-0.0006664932
"CD4_CTL","rs86567",0.0001957924
"CD4_CTL","rs404557",0.00120946
"CD4_CTL","rs6457694",0.0004789997
"CD4_CTL","rs403414",-0.001912611
"CD4_CTL","rs381218",-0.00012403
"CD4_CTL","rs396090",0.001336234
"CD4_CTL","rs16871338",0.0004789997
"CD4_CTL","rs6911639",0.001076724
"CD4_CTL","rs429916",0.001178794
"CD4_CTL","rs3763342",0.001265527
"CD4_CTL","rs3763341",0.001197328
"CD4_CTL","rs4713603",0.001071916
"CD4_CTL","rs4711313",0.001071916
"CD4_CTL","rs447088",-0.0004864528
"CD4_CTL","rs4559123",-0.0006664932
"CD4_CTL","rs441126",0.001200214
"CD4_CTL","rs4486068",0.001071916
"CD4_CTL","rs3130603",9.497723e-05
"CD4_CTL","rs34354079",-0.00221462
"CD4_CTL","rs6457699",0.001071916
"CD4_CTL","rs9276991",0.0003339656
"CD4_CTL","rs9276992",0.0003339656
"CD4_CTL","rs34570277",-0.00221462
"CD4_CTL","rs413887",0.001200214
"CD4_CTL","rs3116956",0.001065874
"CD4_CTL","rs9380351",0.0002414215
"CD4_CTL","rs2235498",-0.0002160025
"CD4_CTL","rs2257126",0.001087625
"CD4_CTL","rs2855455",0.001087625
"CD4_CTL","rs2855453",0.001087625
"CD4_CTL","rs986521",0.0007672411
"CD4_CTL","rs2229784",0.000416002
"CD4_CTL","rs2855448",0.0006046104
"CD4_CTL","rs2855442",0.001439221
"CD4_CTL","rs2855441",0.001518334
"CD4_CTL","rs9368758",-0.000440363
"CD4_CTL","rs2855440",0.0007299231
"CD4_CTL","rs2855437",0.001736453
"CD4_CTL","rs1799910",-0.0009091947
"CD4_CTL","rs2855434",0.001439221
"CD4_CTL","rs973233",0.0007709361
"CD4_CTL","rs2855432",0.001408558
"CD4_CTL","rs9277932",-0.0002224437
"CD4_CTL","rs2855430",-0.001759001
"CD4_CTL","rs970901",-0.0002224437
"CD4_CTL","rs2076312",-0.002080706
"CD4_CTL","rs3762013",-0.0002224437
"CD4_CTL","rs2855426",-0.00146177
"CD4_CTL","rs2071025",-0.001927089
"CD4_CTL","rs2855425",0.001408558
"CD4_CTL","rs2076311",0.0007046991
"CD4_CTL","rs2855423",0.00161931
"CD4_CTL","rs16868943",-0.0006106585
"CD4_CTL","rs2744507",-0.001614725
"CD4_CTL","rs2855459",-0.001759001
"CD4_CTL","rs2855429",0.001408558
"CD4_CTL","rs2269346",-0.000440363
"CD4_CTL","rs9277935",-0.002224321
"CD4_CTL","rs1050673",0.001408558
"CD4_CTL","rs2744537",0.001408558
"CD4_CTL","rs6531",0.001408558
"CD4_CTL","rs3117040",0.001602556
"CD4_CTL","rs2076310",-0.001927089
"CD4_CTL","rs110662",0.00161931
"CD4_CTL","rs1059288",0.002865615
"CD4_CTL","rs35404844",-0.0005262109
"CD4_CTL","rs9469397",0.000271586
"CD4_CTL","rs12664430",0.0005142916
"CD4_CTL","rs2282851",-0.001186778
"CD4_CTL","rs3106191",-0.001186778
"CD4_CTL","rs3106189",0.002057916
"CD4_CTL","rs3130099",0.002057916
"CD4_CTL","rs1061801",-0.001696196
"CD4_CTL","rs1061783",0.002566877
"CD4_CTL","rs3130100",0.002398591
"CD4_CTL","rs1705003",0.00179671
"CD4_CTL","rs211456",-0.002525067
"CD4_CTL","rs7752202",0.0017071
"CD4_CTL","rs9461856",0.0017165
"CD4_CTL","rs413722",0.001944031
"CD4_CTL","rs9394145",-0.002042538
"CD4_CTL","rs453590",-0.002198085
"CD4_CTL","rs10807124",-0.002295637
"CD4_CTL","rs411136",-0.001886505
"CD4_CTL","rs2772376",-0.002195924
"CD4_CTL","rs1755044",0.0004347694
"CD4_CTL","rs2247385",-0.002195924
"CD4_CTL","rs2772385",0.000326148
"CD4_CTL","rs3119025",0.001944031
"CD4_CTL","rs7748370",0.00299171
"CD4_CTL","rs11759461",0.002697466
"CD4_CTL","rs6910721",0.002161706
"CD4_CTL","rs4713630",0.002068909
"CD4_CTL","rs7747216",0.005035558
"CD4_CTL","rs3857558",0.002068909
"CD4_CTL","rs4713633",0.002068909
"CD4_CTL","rs9296092",0.004788177
"CD4_CTL","rs86715",-0.001868516
"CD4_CTL","rs68191",-0.002084772
"CD4_CTL","rs210192",0.001557811
"CD4_CTL","rs10484894",-0.0006479593
"CD4_CTL","rs210179",-0.001993931
"CD4_CTL","rs6457730",-0.0008777475
"CD4_CTL","rs6929647",-0.0008777475
"CD4_CTL","rs9469465",-0.0008777475
"CD4_CTL","rs435945",-0.001384163
"CD4_CTL","rs449242",0.001423251
"CD4_CTL","rs9469481",0.002486352
"CD4_CTL","rs368716",0.002486352
"CD4_CTL","rs396516",0.002486352
"CD4_CTL","rs210196",0.002537904
"CD4_CTL","rs210197",0.002488528
"CD4_CTL","rs210203",0.004008754
"CD4_CTL","rs210152",0.000681509
"CD4_CTL","rs5000098",0.004361908
"CD4_CTL","rs9461882",0.004207652
"CD4_CTL","rs9469491",0.004277068
"CD4_CTL","rs9366824",-0.002370764
"CD4_CTL","rs210170",-0.001498525
"CD4_CTL","rs6910233",-0.001070483
"CD4_CTL","rs6914422",-0.002148453
"CD4_CTL","rs210131",0.001945384
"CD4_CTL","rs210132",-0.00235894
"CD4_CTL","rs17627049",0.003895023
"CD4_CTL","rs210134",-0.0002281833
"CD4_CTL","rs513349",-0.001909731
"CD4_CTL","rs210137",-0.002493429
"CD4_CTL","rs9296095",0.0003203489
"CD4_CTL","rs210138",-0.002493429
"CD4_CTL","rs11757379",0.001428578
"CD4_CTL","rs210139",-0.002208946
"CD4_CTL","rs5745582",0.0003203489
"CD4_CTL","rs5745568",0.000643557
"CD4_CTL","rs530878",-0.003114891
"CD4_CTL","rs394199",4.421443e-05
"CD4_CTL","rs419261",0.005224548
"CD4_CTL","rs4559081",0.001447764
"CD4_CTL","rs420361",0.002679577
"CD4_CTL","rs396746",0.001347191
"CD4_CTL","rs430655",0.002757123
"CD4_CTL","rs375555",-0.002833862
"CD4_CTL","rs210162",-0.002725819
"CD4_CTL","rs210163",0.002877775
"CD4_CTL","rs6929774",0.0001497187
"CD4_CTL","rs6457736",-0.001742918
"CD4_CTL","rs493871",0.0001878694
"CD4_CTL","rs12213869",0.002077919
"CD4_CTL","rs4713638",0.0001205891
"CD4_CTL","rs510153",0.00210478
"CD4_CTL","rs210120",-0.003394702
"CD4_CTL","rs210122",-0.003394702
"CD4_CTL","rs444697",-0.003269451
"CD4_TCM","rs9271100",0.00069083
"CD4_TCM","rs660895",-0.005950266
"CD4_TCM","rs9271170",0.00069083
"CD4_TCM","rs532098",-0.00884003
"CD4_TCM","rs674313",0.005994953
"CD4_TCM","rs502771",0.0081492
"CD4_TCM","rs502055",0.0081492
"CD4_TCM","rs28421666",-0.0004887335
"CD4_TCM","rs9271775",-0.001526479
"CD4_TCM","rs9272426",0.001055305
"CD4_TCM","rs9273012",0.006430994
"CD4_TCM","rs17843604",-0.0003896589
"CD4_TCM","rs28483633",0.00230434
"CD4_TCM","rs1063355",9.907455e-05
"CD4_TCM","rs2854275",0.005446207
"CD4_TCM","rs3891175",0.005428402
"CD4_TCM","rs3828796",-0.001572548
"CD4_TCM","rs2857114",-0.00556337
"CD4_TCM","rs2621332",-0.006834598
"CD4_TCM","rs2621331",-0.005155733
"CD4_TCM","rs11244",0.003087975
"CD4_TCM","rs2070120",0.00387453
"CD4_TCM","rs2071479",0.001129374
"CD4_TCM","rs11967235",0.001811166
"CD4_TCM","rs2621330",0.002885042
"CD4_TCM","rs2070121",0.00387453
"CD4_TCM","rs2856997",0.005572901
"CD4_TCM","rs17501267",0.002063364
"CD4_TCM","rs2071475",-0.003457106
"CD4_TCM","rs2071474",-0.0001718357
"CD4_TCM","rs2071473",0.002238309
"CD4_TCM","rs7383287",0.00158651
"CD4_TCM","rs2857111",0.004372445
"CD4_TCM","rs2071472",-0.0001718357
"CD4_TCM","rs2071554",0.001870207
"CD4_TCM","rs2071469",0.004200609
"CD4_TCM","rs2071468",0.004372445
"CD4_TCM","rs7742120",0.004372445
"CD4_TCM","rs7762120",0.004372445
"CD4_TCM","rs2857107",0.00111577
"CD4_TCM","rs17429444",-0.001774258
"CD4_TCM","rs3763355",-0.006477821
"CD4_TCM","rs3763354",-0.007624819
"CD4_TCM","rs1894407",0.005248439
"CD4_TCM","rs1894406",0.005497067
"CD4_TCM","rs3763350",0.002546911
"CD4_TCM","rs17220136",0.002063364
"CD4_TCM","rs2857106",-0.004109676
"CD4_TCM","rs9784758",0.002647975
"CD4_TCM","rs2621323",0.001823569
"CD4_TCM","rs2621322",-0.003714352
"CD4_TCM","rs9784876",0.002647975
"CD4_TCM","rs2621321",-0.0008244058
"CD4_TCM","rs16870907",0.002240338
"CD4_TCM","rs2857105",0.002885042
"CD4_TCM","rs2857103",0.001415932
"CD4_TCM","rs13209654",0.002889946
"CD4_TCM","rs16870923",0.002118596
"CD4_TCM","rs1894411",0.001062941
"CD4_TCM","rs13501",0.001415932
"CD4_TCM","rs1044043",-0.00580985
"CD4_TCM","rs2857101",-0.0008244058
"CD4_TCM","rs10484565",0.003192738
"CD4_TCM","rs241456",-0.0009574176
"CD4_TCM","rs241455",-0.0009574176
"CD4_TCM","rs241454",-0.0009574176
"CD4_TCM","rs241453",-0.0009574176
"CD4_TCM","rs241452",-0.0009574176
"CD4_TCM","rs241451",-5.790631e-05
"CD4_TCM","rs17034",-0.001250609
"CD4_TCM","rs241449",-0.0009574176
"CD4_TCM","rs241448",-0.0009574176
"CD4_TCM","rs241447",-0.0009574176
"CD4_TCM","rs4148876",-0.003212483
"CD4_TCM","rs241446",-0.0009574176
"CD4_TCM","rs241445",-0.0009574176
"CD4_TCM","rs241440",-0.001923827
"CD4_TCM","rs241439",0.0007010808
"CD4_TCM","rs241438",0.0003719349
"CD4_TCM","rs241437",0.001478062
"CD4_TCM","rs2228396",0.00057551
"CD4_TCM","rs241436",0.0003488922
"CD4_TCM","rs9380326",-0.00583139
"CD4_TCM","rs1015166",-0.0004664436
"CD4_TCM","rs241433",-0.0002543953
"CD4_TCM","rs2228397",0.0006481034
"CD4_TCM","rs241432",0.001151297
"CD4_TCM","rs241431",0.003892568
"CD4_TCM","rs4148872",-0.005485829
"CD4_TCM","rs241430",0.0002259919
"CD4_TCM","rs4148871",0.001948606
"CD4_TCM","rs241429",0.003691615
"CD4_TCM","rs241428",0.004462756
"CD4_TCM","rs3819714",0.005390459
"CD4_TCM","rs3819715",0.005390459
"CD4_TCM","rs3819717",0.01084492
"CD4_TCM","rs241427",0.0002975735
"CD4_TCM","rs3819720",-0.005378089
"CD4_TCM","rs3819721",0.0002972963
"CD4_TCM","rs241425",-0.008989288
"CD4_TCM","rs241424",0.007241242
"CD4_TCM","rs2239701",-0.002452625
"CD4_TCM","rs2071544",-0.005887376
"CD4_TCM","rs4148870",-0.006709504
"CD4_TCM","rs4713598",-0.007571283
"CD4_TCM","rs3763365",-0.006188964
"CD4_TCM","rs3763349",0.004700077
"CD4_TCM","rs9357155",-0.001032914
"CD4_TCM","rs9276810",-0.007874241
"CD4_TCM","rs6924102",-0.006465027
"CD4_TCM","rs2071543",0.001171823
"CD4_TCM","rs2071541",0.004554051
"CD4_TCM","rs2071540",0.004461966
"CD4_TCM","rs3198005",-0.006157951
"CD4_TCM","rs1057373",0.003833673
"CD4_TCM","rs13215",0.001297457
"CD4_TCM","rs4711312",0.005716878
"CD4_TCM","rs1057149",0.001488888
"CD4_TCM","rs1135216",0.005716878
"CD4_TCM","rs16871026",0.0003204824
"CD4_TCM","rs17213812",0.001559606
"CD4_TCM","rs16871027",0.001488888
"CD4_TCM","rs2071482",0.0001155862
"CD4_TCM","rs4148882",0.008536068
"CD4_TCM","rs12527715",0.002128197
"CD4_TCM","rs12529313",0.002128197
"CD4_TCM","rs2395269",0.0006393098
"CD4_TCM","rs241423",0.003059323
"CD4_TCM","rs2127680",-0.0001914309
"CD4_TCM","rs2127679",-0.0001914309
"CD4_TCM","rs4148881",0.001444983
"CD4_TCM","rs2071538",0.0007371933
"CD4_TCM","rs1057141",0.002128197
"CD4_TCM","rs2284190",-0.0001341257
"CD4_TCM","rs2071481",0.0008307407
"CD4_TCM","rs1351383",-0.0028573
"CD4_TCM","rs4713600",-0.0028573
"CD4_TCM","rs3763346",-0.004792138
"CD4_TCM","rs991760",0.001108053
"CD4_TCM","rs2071534",-0.004792138
"CD4_TCM","rs17587",-0.005933945
"CD4_TCM","rs2071477",-0.0028573
"CD4_TCM","rs2071476",-0.004792138
"CD4_TCM","rs9276815",-0.004710779
"CD4_TCM","rs20547",0.003904598
"CD4_TCM","rs6930981",-0.004792138
"CD4_TCM","rs194682",0.0009480215
"CD4_TCM","rs6899309",-0.006636537
"CD4_TCM","rs17583915",0.00200936
"CD4_TCM","rs10679",-0.0006099994
"CD4_TCM","rs1063478",0.009410778
"CD4_TCM","rs1050391",0.007410562
"CD4_TCM","rs11539216",-0.0005076667
"CD4_TCM","rs17617515",0.00200936
"CD4_TCM","rs3135029",0.007373361
"CD4_TCM","rs9378127",0.008039677
"CD4_TCM","rs209473",0.002796494
"CD4_TCM","rs28724903",0.007977332
"CD4_TCM","rs209474",-0.002707991
"CD4_TCM","rs209475",-0.001608695
"CD4_TCM","rs580962",0.01030471
"CD4_TCM","rs206762",0.003502659
"CD4_TCM","rs3128931",0.008987059
"CD4_TCM","rs3128933",0.0004714991
"CD4_TCM","rs3130602",0.0004714991
"CD4_TCM","rs3128935",-0.0002530472
"CD4_TCM","rs1044429",0.001974071
"CD4_TCM","rs592625",0.0009109999
"CD4_TCM","rs376892",0.01454476
"CD4_TCM","rs35776718",0.009072101
"CD4_TCM","rs9276975",0.01036333
"CD4_TCM","rs3129304",-0.0005280451
"CD4_TCM","rs3129303",-0.0005280451
"CD4_TCM","rs417812",0.004530444
"CD4_TCM","rs408036",-0.0003018602
"CD4_TCM","rs3129302",-0.006187302
"CD4_TCM","rs2581",0.006661445
"CD4_TCM","rs2582",0.001676288
"CD4_TCM","rs6913008",0.01092326
"CD4_TCM","rs399604",0.005324536
"CD4_TCM","rs365066",0.005324536
"CD4_TCM","rs453779",-0.006454494
"CD4_TCM","rs2267647",0.004472527
"CD4_TCM","rs369150",-0.006103131
"CD4_TCM","rs375256",-0.006103131
"CD4_TCM","rs364950",-0.007544924
"CD4_TCM","rs6920363",0.0005044066
"CD4_TCM","rs2284191",0.003228611
"CD4_TCM","rs86567",-0.005975917
"CD4_TCM","rs404557",-0.007544924
"CD4_TCM","rs6457694",0.0005044066
"CD4_TCM","rs403414",-0.007426863
"CD4_TCM","rs381218",-0.006074178
"CD4_TCM","rs396090",0.001611453
"CD4_TCM","rs16871338",0.0005044066
"CD4_TCM","rs6911639",0.008626152
"CD4_TCM","rs429916",-0.004531956
"CD4_TCM","rs3763342",0.00162139
"CD4_TCM","rs3763341",-0.0007025676
"CD4_TCM","rs4713603",0.01971067
"CD4_TCM","rs4711313",0.01971067
"CD4_TCM","rs447088",-0.006894835
"CD4_TCM","rs4559123",0.003228611
"CD4_TCM","rs441126",-0.007340468
"CD4_TCM","rs4486068",0.01971067
"CD4_TCM","rs3130603",-0.0006057038
"CD4_TCM","rs34354079",-0.00244886
"CD4_TCM","rs6457699",0.01971067
"CD4_TCM","rs9276991",-0.002709852
"CD4_TCM","rs9276992",-0.002709852
"CD4_TCM","rs34570277",-0.00244886
"CD4_TCM","rs413887",-0.007340468
"CD4_TCM","rs3116956",-0.001595995
"CD4_TCM","rs9380351",-0.003885484
"CD4_TCM","rs2235498",0.01075865
"CD4_TCM","rs2257126",-0.001021789
"CD4_TCM","rs2855455",-0.0007327441
"CD4_TCM","rs2855453",-0.0007327441
"CD4_TCM","rs986521",-0.0002808913
"CD4_TCM","rs2229784",0.002895096
"CD4_TCM","rs2855448",-0.00355874
"CD4_TCM","rs2855442",-0.002211341
"CD4_TCM","rs2855441",0.0005177992
"CD4_TCM","rs9368758",-0.003915241
"CD4_TCM","rs2855440",0.0001792729
"CD4_TCM","rs2855437",0.001025527
"CD4_TCM","rs1799910",0.00295957
"CD4_TCM","rs2855434",-0.002211341
"CD4_TCM","rs973233",0.0005446617
"CD4_TCM","rs2855432",-0.002668347
"CD4_TCM","rs9277932",0.002455084
"CD4_TCM","rs2855430",0.001839841
"CD4_TCM","rs970901",0.002455084
"CD4_TCM","rs2076312",0.004077682
"CD4_TCM","rs3762013",0.002455084
"CD4_TCM","rs2855426",0.005076709
"CD4_TCM","rs2071025",0.0003564253
"CD4_TCM","rs2855425",-0.002668347
"CD4_TCM","rs2076311",0.004456195
"CD4_TCM","rs2855423",-0.0009266731
"CD4_TCM","rs16868943",0.001838353
"CD4_TCM","rs2744507",0.0009880771
"CD4_TCM","rs2855459",0.001839841
"CD4_TCM","rs2855429",-0.002668347
"CD4_TCM","rs2269346",-0.003915241
"CD4_TCM","rs9277935",-0.002880443
"CD4_TCM","rs1050673",-0.002668347
"CD4_TCM","rs2744537",-0.002668347
"CD4_TCM","rs6531",-0.002668347
"CD4_TCM","rs3117040",-0.002931019
"CD4_TCM","rs2076310",0.0003564253
"CD4_TCM","rs110662",-0.0006376284
"CD4_TCM","rs1059288",0.003978587
"CD4_TCM","rs35404844",0.0005054427
"CD4_TCM","rs9469397",-0.001396051
"CD4_TCM","rs12664430",0.002908896
"CD4_TCM","rs2282851",0.00421069
"CD4_TCM","rs3106191",0.00421069
"CD4_TCM","rs3106189",0.005567774
"CD4_TCM","rs3130099",0.005567774
"CD4_TCM","rs1061801",-0.008028656
"CD4_TCM","rs1061783",0.005418235
"CD4_TCM","rs3130100",0.005716173
"CD4_TCM","rs1705003",0.002993974
"CD4_TCM","rs211456",-0.008945352
"CD4_TCM","rs7752202",0.006425693
"CD4_TCM","rs9461856",0.003933522
"CD4_TCM","rs413722",0.004138835
"CD4_TCM","rs9394145",0.004772875
"CD4_TCM","rs453590",-0.006569602
"CD4_TCM","rs10807124",0.004670542
"CD4_TCM","rs411136",-0.006500218
"CD4_TCM","rs2772376",-0.006932879
"CD4_TCM","rs1755044",-0.001323502
"CD4_TCM","rs2247385",-0.006932879
"CD4_TCM","rs2772385",-0.00126216
"CD4_TCM","rs3119025",0.004138835
"CD4_TCM","rs7748370",0.006795729
"CD4_TCM","rs11759461",0.008046485
"CD4_TCM","rs6910721",0.0007833467
"CD4_TCM","rs4713630",-0.003340995
"CD4_TCM","rs7747216",0.005672084
"CD4_TCM","rs3857558",-0.003340995
"CD4_TCM","rs4713633",-0.003340995
"CD4_TCM","rs9296092",0.007079101
"CD4_TCM","rs86715",-0.006507599
"CD4_TCM","rs68191",-0.0057676
"CD4_TCM","rs210192",0.00370871
"CD4_TCM","rs10484894",-0.00308383
"CD4_TCM","rs210179",0.003038363
"CD4_TCM","rs6457730",-9.41186e-05
"CD4_TCM","rs6929647",-9.41186e-05
"CD4_TCM","rs9469465",-9.41186e-05
"CD4_TCM","rs435945",-0.002982976
"CD4_TCM","rs449242",0.002468115
"CD4_TCM","rs9469481",0.002075177
"CD4_TCM","rs368716",0.002075177
"CD4_TCM","rs396516",0.002075177
"CD4_TCM","rs210196",0.005134834
"CD4_TCM","rs210197",0.002103038
"CD4_TCM","rs210203",0.00404463
"CD4_TCM","rs210152",0.001923549
"CD4_TCM","rs5000098",0.006433922
"CD4_TCM","rs9461882",0.005101231
"CD4_TCM","rs9469491",0.005898912
"CD4_TCM","rs9366824",-0.008091316
"CD4_TCM","rs210170",0.004457414
"CD4_TCM","rs6910233",0.002140327
"CD4_TCM","rs6914422",-0.007701147
"CD4_TCM","rs210131",0.004424023
"CD4_TCM","rs210132",-0.01040209
"CD4_TCM","rs17627049",0.006712893
"CD4_TCM","rs210134",-0.003124745
"CD4_TCM","rs513349",-0.004074852
"CD4_TCM","rs210137",0.00186993
"CD4_TCM","rs9296095",-0.002302321
"CD4_TCM","rs210138",0.00186993
"CD4_TCM","rs11757379",0.002498664
"CD4_TCM","rs210139",-7.933165e-05
"CD4_TCM","rs5745582",-0.002302321
"CD4_TCM","rs5745568",-0.002789988
"CD4_TCM","rs530878",-0.002096395
"CD4_TCM","rs394199",-0.001988824
"CD4_TCM","rs419261",0.004934706
"CD4_TCM","rs4559081",0.001425258
"CD4_TCM","rs420361",-0.001023213
"CD4_TCM","rs396746",-0.000632775
"CD4_TCM","rs430655",-0.0006852236
"CD4_TCM","rs375555",-1.16805e-05
"CD4_TCM","rs210162",-0.002011568
"CD4_TCM","rs210163",-0.003294258
"CD4_TCM","rs6929774",0.001598595
"CD4_TCM","rs6457736",-0.001097674
"CD4_TCM","rs493871",-0.004269918
"CD4_TCM","rs12213869",-0.003457481
"CD4_TCM","rs4713638",-0.003835379
"CD4_TCM","rs510153",-0.003407208
"CD4_TCM","rs210120",-0.001833701
"CD4_TCM","rs210122",-0.001833701
"CD4_TCM","rs444697",-0.001022398
"NK","rs9271100",0.0007226065
"NK","rs660895",0.0009865479
"NK","rs9271170",0.0007226065
"NK","rs532098",-0.0006161827
"NK","rs674313",0.0002627001
"NK","rs502771",-0.0001064238
"NK","rs502055",-0.0001064238
"NK","rs28421666",8.276556e-05
"NK","rs9271775",0.0004324226
"NK","rs9272426",0.001405087
"NK","rs9273012",0.0006503869
"NK","rs17843604",-9.702615e-05
"NK","rs28483633",-0.000381341
"NK","rs1063355",-0.0001797917
"NK","rs2854275",0.0001257234
"NK","rs3891175",-0.0004836337
"NK","rs3828796",-0.000192335
"NK","rs2857114",0.0008767484
"NK","rs2621332",0.0006809864
"NK","rs2621331",0.001004019
"NK","rs11244",4.553683e-05
"NK","rs2070120",-0.0001880579
"NK","rs2071479",0.0001983589
"NK","rs11967235",0.0002933685
"NK","rs2621330",0.0002279987
"NK","rs2070121",-0.0001880579
"NK","rs2856997",-0.0002169074
"NK","rs17501267",-0.0004814264
"NK","rs2071475",-0.0002957729
"NK","rs2071474",-0.0004363146
"NK","rs2071473",6.875698e-05
"NK","rs7383287",9.421413e-05
"NK","rs2857111",-0.0004280081
"NK","rs2071472",-0.0004363146
"NK","rs2071554",0.0004074651
"NK","rs2071469",-0.0008643227
"NK","rs2071468",-0.0004280081
"NK","rs7742120",-0.0004280081
"NK","rs7762120",-0.0004280081
"NK","rs2857107",-0.0008279102
"NK","rs17429444",5.438719e-05
"NK","rs3763355",0.0002721458
"NK","rs3763354",0.0005550229
"NK","rs1894407",-0.0005293168
"NK","rs1894406",-0.0004652796
"NK","rs3763350",4.05973e-05
"NK","rs17220136",-0.0004814264
"NK","rs2857106",-0.0002281404
"NK","rs9784758",0.0004922506
"NK","rs2621323",0.0001235684
"NK","rs2621322",-0.0002209026
"NK","rs9784876",0.0004922506
"NK","rs2621321",-0.0003686821
"NK","rs16870907",0.0003649799
"NK","rs2857105",0.0002279987
"NK","rs2857103",-3.702227e-06
"NK","rs13209654",-0.0001477795
"NK","rs16870923",0.0001551343
"NK","rs1894411",-0.0007881512
"NK","rs13501",-3.702227e-06
"NK","rs1044043",0.0007119176
"NK","rs2857101",-0.0003686821
"NK","rs10484565",-0.0002830675
"NK","rs241456",0.0001198906
"NK","rs241455",0.0001198906
"NK","rs241454",0.0001198906
"NK","rs241453",0.0001198906
"NK","rs241452",0.0001198906
"NK","rs241451",0.0004145217
"NK","rs17034",-3.595909e-05
"NK","rs241449",0.0001198906
"NK","rs241448",0.0001198906
"NK","rs241447",0.0001198906
"NK","rs4148876",9.074393e-05
"NK","rs241446",0.0001198906
"NK","rs241445",0.0001198906
"NK","rs241440",6.163175e-05
"NK","rs241439",-0.0001919894
"NK","rs241438",0.0003823423
"NK","rs241437",-0.0001631147
"NK","rs2228396",0.0006266514
"NK","rs241436",0.0002619787
"NK","rs9380326",0.001054059
"NK","rs1015166",0.001020705
"NK","rs241433",-0.0005347136
"NK","rs2228397",1.221209e-05
"NK","rs241432",-0.0003649838
"NK","rs241431",0.0001493375
"NK","rs4148872",0.001062416
"NK","rs241430",-0.000536638
"NK","rs4148871",-0.0002474083
"NK","rs241429",0.0002460842
"NK","rs241428",1.978871e-05
"NK","rs3819714",-0.0007650092
"NK","rs3819715",-0.0007650092
"NK","rs3819717",-0.0006226359
"NK","rs241427",-0.0002205711
"NK","rs3819720",0.0009398451
"NK","rs3819721",0.0008811964
"NK","rs241425",0.0002346466
"NK","rs241424",-0.001015236
"NK","rs2239701",-0.0001716493
"NK","rs2071544",-0.0005864839
"NK","rs4148870",-0.0005052228
"NK","rs4713598",-0.0006103082
"NK","rs3763365",-0.0005186073
"NK","rs3763349",0.000656218
"NK","rs9357155",-0.0002200958
"NK","rs9276810",-0.0004901229
"NK","rs6924102",-0.0005977715
"NK","rs2071543",-4.559745e-05
"NK","rs2071541",-0.0002016216
"NK","rs2071540",0.0008154841
"NK","rs3198005",0.0002650995
"NK","rs1057373",-0.0002464855
"NK","rs13215",-0.0001735367
"NK","rs4711312",-0.0004515342
"NK","rs1057149",-0.0001376107
"NK","rs1135216",-0.0004515342
"NK","rs16871026",-0.000324029
"NK","rs17213812",-0.0001806777
"NK","rs16871027",-0.0001376107
"NK","rs2071482",0.0001784111
"NK","rs4148882",0.001337314
"NK","rs12527715",-0.0001378075
"NK","rs12529313",-0.0001378075
"NK","rs2395269",-1.967847e-07
"NK","rs241423",8.550297e-05
"NK","rs2127680",-3.592602e-05
"NK","rs2127679",-3.592602e-05
"NK","rs4148881",-5.323027e-05
"NK","rs2071538",0.0008440663
"NK","rs1057141",-0.0001378075
"NK","rs2284190",0.0001141876
"NK","rs2071481",3.572924e-05
"NK","rs1351383",-0.001033467
"NK","rs4713600",-0.001033467
"NK","rs3763346",-0.0009836573
"NK","rs991760",0.0003798939
"NK","rs2071534",-0.0009836573
"NK","rs17587",-0.0009111079
"NK","rs2071477",-0.001033467
"NK","rs2071476",-0.0009836573
"NK","rs9276815",-0.001292115
"NK","rs20547",0.0005492459
"NK","rs6930981",-0.0009836573
"NK","rs194682",-0.001973338
"NK","rs6899309",-0.0004188708
"NK","rs17583915",0.0002383499
"NK","rs10679",0.0007703583
"NK","rs1063478",6.947194e-05
"NK","rs1050391",-0.0004700343
"NK","rs11539216",0.0008155166
"NK","rs17617515",0.0002383499
"NK","rs3135029",-0.0005091061
"NK","rs9378127",5.168424e-05
"NK","rs209473",0.001255916
"NK","rs28724903",0.0001426153
"NK","rs209474",-0.001215182
"NK","rs209475",-0.00199671
"NK","rs580962",0.00149505
"NK","rs206762",-0.001518199
"NK","rs3128931",0.002785332
"NK","rs3128933",-0.0003587452
"NK","rs3130602",-0.0003587452
"NK","rs3128935",-2.438852e-05
"NK","rs1044429",0.000279991
"NK","rs592625",0.0001577416
"NK","rs376892",0.00192518
"NK","rs35776718",0.001700101
"NK","rs9276975",0.001926848
"NK","rs3129304",-0.0003481684
"NK","rs3129303",-0.0003481684
"NK","rs417812",0.0007953849
"NK","rs408036",-5.68512e-05
"NK","rs3129302",0.0001740729
"NK","rs2581",0.0003432721
"NK","rs2582",0.000491958
"NK","rs6913008",0.001900334
"NK","rs399604",0.0007165917
"NK","rs365066",0.0007165917
"NK","rs453779",-0.0005027528
"NK","rs2267647",0.0006938854
"NK","rs369150",-0.001621978
"NK","rs375256",-0.001621978
"NK","rs364950",-0.0001565162
"NK","rs6920363",0.0004382352
"NK","rs2284191",0.0002457936
"NK","rs86567",-0.001627911
"NK","rs404557",-0.0001565162
"NK","rs6457694",0.0004382352
"NK","rs403414",-0.0003210016
"NK","rs381218",-0.001658309
"NK","rs396090",0.0007601931
"NK","rs16871338",0.0004382352
"NK","rs6911639",0.001477264
"NK","rs429916",0.0003305054
"NK","rs3763342",0.0008924802
"NK","rs3763341",0.0002989249
"NK","rs4713603",0.003903164
"NK","rs4711313",0.003903164
"NK","rs447088",-0.00157448
"NK","rs4559123",0.0002457936
"NK","rs441126",-0.0001427918
"NK","rs4486068",0.003903164
"NK","rs3130603",-0.0003438247
"NK","rs34354079",-0.0006168378
"NK","rs6457699",0.003903164
"NK","rs9276991",-0.00126932
"NK","rs9276992",-0.00126932
"NK","rs34570277",-0.0006168378
"NK","rs413887",-0.0001427918
"NK","rs3116956",0.0007134848
"NK","rs9380351",-0.0003733167
"NK","rs2235498",0.001794502
"NK","rs2257126",0.0008239277
"NK","rs2855455",0.0008680177
"NK","rs2855453",0.0008680177
"NK","rs986521",0.00102707
"NK","rs2229784",0.0002386063
"NK","rs2855448",0.0009762584
"NK","rs2855442",0.0006306194
"NK","rs2855441",0.0009080827
"NK","rs9368758",-0.0001036974
"NK","rs2855440",0.000910145
"NK","rs2855437",0.001001604
"NK","rs1799910",-0.001117388
"NK","rs2855434",0.0006306194
"NK","rs973233",0.000515156
"NK","rs2855432",0.0006302218
"NK","rs9277932",-0.0006866027
"NK","rs2855430",-0.00183263
"NK","rs970901",-0.0006866027
"NK","rs2076312",-0.001464359
"NK","rs3762013",-0.0006866027
"NK","rs2855426",-0.001461645
"NK","rs2071025",-0.001431474
"NK","rs2855425",0.0006302218
"NK","rs2076311",0.0009596001
"NK","rs2855423",0.0006484566
"NK","rs16868943",0.0001038812
"NK","rs2744507",-0.001843582
"NK","rs2855459",-0.00183263
"NK","rs2855429",0.0006302218
"NK","rs2269346",-0.0001036974
"NK","rs9277935",-0.001802458
"NK","rs1050673",0.0006302218
"NK","rs2744537",0.0006302218
"NK","rs6531",0.0006302218
"NK","rs3117040",0.0006445911
"NK","rs2076310",-0.001431474
"NK","rs110662",0.0006925466
"NK","rs1059288",0.0001803529
"NK","rs35404844",-2.050705e-05
"NK","rs9469397",-5.279366e-05
"NK","rs12664430",-6.533396e-05
"NK","rs2282851",-0.0001721623
"NK","rs3106191",-0.0001721623
"NK","rs3106189",0.0002738834
"NK","rs3130099",0.0002738834
"NK","rs1061801",-1.477354e-05
"NK","rs1061783",0.0002455194
"NK","rs3130100",0.0001110394
"NK","rs1705003",0.0008099778
"NK","rs211456",-0.0003241748
"NK","rs7752202",0.0008466184
"NK","rs9461856",-0.0002113529
"NK","rs413722",0.000293387
"NK","rs9394145",-5.584691e-05
"NK","rs453590",-0.0005277939
"NK","rs10807124",-0.0001010052
"NK","rs411136",-0.0005482657
"NK","rs2772376",-0.0005350042
"NK","rs1755044",0.0003131781
"NK","rs2247385",-0.0005350042
"NK","rs2772385",0.0002746734
"NK","rs3119025",0.000293387
"NK","rs7748370",-0.0003869346
"NK","rs11759461",-0.000252817
"NK","rs6910721",0.0002215396
"NK","rs4713630",0.0002333235
"NK","rs7747216",-9.651669e-05
"NK","rs3857558",0.0002333235
"NK","rs4713633",0.0002333235
"NK","rs9296092",0.0002379482
"NK","rs86715",-0.0001674322
"NK","rs68191",0.0002467992
"NK","rs210192",0.0002138036
"NK","rs10484894",0.0001072621
"NK","rs210179",-0.0002393593
"NK","rs6457730",-6.452525e-06
"NK","rs6929647",-6.452525e-06
"NK","rs9469465",-6.452525e-06
"NK","rs435945",0.0002640066
"NK","rs449242",0.0002431559
"NK","rs9469481",0.0003357519
"NK","rs368716",0.0003357519
"NK","rs396516",0.0003357519
"NK","rs210196",-4.371557e-05
"NK","rs210197",0.0002474779
"NK","rs210203",-0.0004507926
"NK","rs210152",-0.0001538029
"NK","rs5000098",-4.877212e-06
"NK","rs9461882",-0.000216973
"NK","rs9469491",-0.0001123215
"NK","rs9366824",0.0003001993
"NK","rs210170",0.0002339269
"NK","rs6910233",-3.879059e-05
"NK","rs6914422",0.000249954
"NK","rs210131",0.0003849204
"NK","rs210132",-0.0002517792
"NK","rs17627049",-2.248041e-05
"NK","rs210134",-0.0008946073
"NK","rs513349",0.001678858
"NK","rs210137",0.001077948
"NK","rs9296095",0.000503125
"NK","rs210138",0.001077948
"NK","rs11757379",-0.0007559508
"NK","rs210139",0.001663251
"NK","rs5745582",0.000503125
"NK","rs5745568",0.0004926717
"NK","rs530878",0.001321514
"NK","rs394199",0.0003801841
"NK","rs419261",-0.002057283
"NK","rs4559081",-0.0009801268
"NK","rs420361",-0.001442373
"NK","rs396746",-0.0008408757
"NK","rs430655",-0.00139418
"NK","rs375555",0.0006899845
"NK","rs210162",0.0002151143
"NK","rs210163",-0.001414944
"NK","rs6929774",0.0009961331
"NK","rs6457736",0.0001500073
"NK","rs493871",0.0005122676
"NK","rs12213869",0.0003692797
"NK","rs4713638",-0.0006589303
"NK","rs510153",0.0003846804
"NK","rs210120",-0.0002443769
"NK","rs210122",-0.0002443769
"NK","rs444697",0.0008793197
