chr,rsid,combined_beta,combined_se,gbmi_beta,gbmi_se,tagc_beta,tagc_se
1.0,rs114307017,0.23927,0.38216,0.23927,0.38216,,
1.0,rs12139989,0.013090241327142586,0.006702429428313962,0.017233,0.0071312,-0.01828543,0.01962521
1.0,rs1238302304,-0.012095,0.25393,-0.012095,0.25393,,
1.0,rs12563682,0.00066282,0.0064532,0.00066282,0.0064532,,
1.0,rs146626546,0.016208,0.023493,0.016208,0.023493,,
1.0,rs17463048,0.005849210884963866,0.005725540937948627,0.0061269,0.0059731,0.00270597,0.02009598
1.0,rs183758073,-0.075084,0.11199,-0.075084,0.11199,,
1.0,rs4545304,-0.0095809,0.0199029,,,-0.0095809,0.0199029
1.0,rs551653694,-0.0063101,0.056424,-0.0063101,0.056424,,
1.0,rs561098383,0.029389,0.062046,0.029389,0.062046,,
1.0,rs625149,-0.008150274904867942,0.004509517957038724,-0.0087018,0.0048143,-0.0042035,0.01287869
1.0,rs7536446,-0.00794601304034483,0.006025618603741365,-0.005921,0.0065073,-0.02012522,0.01595866
2.0,rs1002666,-0.014227125902339068,0.0051728875020360865,-0.017981,0.0055197,0.01286033,0.01482722
2.0,rs1028119,0.013548,0.01625,0.013548,0.01625,,
2.0,rs12470654,-0.004467531128055902,0.004677492407804415,-0.0078659,0.0050109,0.01855057,0.01304113
2.0,rs1273714906,0.060272,0.080418,0.060272,0.080418,,
2.0,rs13427620,-0.00672948,0.01316311,,,-0.00672948,0.01316311
2.0,rs138848341,-0.79959,0.68334,-0.79959,0.68334,,
2.0,rs2287629,0.00181487,0.01612628,,,0.00181487,0.01612628
2.0,rs4667220,-0.01010479,0.01740244,,,-0.01010479,0.01740244
2.0,rs6738749,-0.00886501,0.01315618,,,-0.00886501,0.01315618
2.0,rs74392193,-0.26859,0.29483,-0.26859,0.29483,,
2.0,rs7604581,0.013728,0.024063,0.013728,0.024063,,
3.0,rs12491355,-0.00143347235734769,0.005782335646942202,-3.2777e-06,0.0061804,-0.01147542,0.01637676
3.0,rs2120785,-0.00534842,0.01323164,,,-0.00534842,0.01323164
3.0,rs3923825,-0.00934946,0.02020057,,,-0.00934946,0.02020057
3.0,rs4688027,-0.019017,0.014928,-0.019017,0.014928,,
3.0,rs535389299,0.039676,0.10119,0.039676,0.10119,,
3.0,rs569011407,-0.22545,0.17315,-0.22545,0.17315,,
3.0,rs764802186,-0.13955,0.37,-0.13955,0.37,,
3.0,rs79750061,0.12465,0.18318,0.12465,0.18318,,
3.0,rs912865231,0.056948,0.1531,0.056948,0.1531,,
3.0,rs9829860,0.01508988,0.01773863,,,0.01508988,0.01773863
4.0,rs1032318163,-0.3351,0.25735,-0.3351,0.25735,,
4.0,rs13142911,0.00040058798921072396,0.0053346565591381925,-0.0033267,0.0057094,0.02603027,0.01497151
4.0,rs13151018,-0.0099525,0.0052799,-0.0099525,0.0052799,,
4.0,rs17148461,0.044531,0.21608,0.044531,0.21608,,
4.0,rs201582850,0.23248,0.24382,0.23248,0.24382,,
4.0,rs537281734,0.26124,0.25283,0.26124,0.25283,,
4.0,rs554157009,0.1841,0.19053,0.1841,0.19053,,
4.0,rs561036851,-0.16685,0.13175,-0.16685,0.13175,,
5.0,rs10941272,0.007081137456891542,0.004457881501785326,0.0081697,0.0047655,-0.0005433,0.01261205
5.0,rs111429636,-0.11149,0.24047,-0.11149,0.24047,,
5.0,rs182895209,-0.010561,0.02696,-0.010561,0.02696,,
5.0,rs73339278,-0.016964,0.014084,-0.016964,0.014084,,
5.0,rs75291665,-0.010498,0.0074009,-0.010498,0.0074009,,
5.0,rs76576007,-0.01164,0.020029,-0.01164,0.020029,,
6.0,rs12209320,-0.00630329,0.01432825,,,-0.00630329,0.01432825
6.0,rs192570854,-0.0055702,0.026797,-0.0055702,0.026797,,
6.0,rs4714207,-0.01611179,0.02010226,,,-0.01611179,0.02010226
6.0,rs562151786,0.036703,0.038837,0.036703,0.038837,,
6.0,rs571795181,0.0096885,0.051747,0.0096885,0.051747,,
6.0,rs7754362,-0.015052901128815882,0.004637663462398411,-0.015873,0.004881,-0.0074377,0.01487361
6.0,rs9263769,0.023317,0.006757,0.023317,0.006757,,
7.0,rs12667860,0.0017526510044281814,0.0054174212939277775,0.0048197,0.0057875,-0.01995451,0.01539686
7.0,rs12668298,0.00696102,0.01938801,,,0.00696102,0.01938801
7.0,rs17093278,0.014828892276579124,0.008826294269363922,0.010817,0.0091277,0.07258441,0.03463247
7.0,rs184111359,0.0040658,0.028855,0.0040658,0.028855,,
7.0,rs200414854,-0.0080237,0.0083235,-0.0080237,0.0083235,,
7.0,rs2357503,-0.01441241222779394,0.01698725847196404,-0.019641,0.017759,0.04185424,0.0582575
7.0,rs745584605,0.18156,0.13648,0.18156,0.13648,,
7.0,rs7807051,-0.003413,0.0054833,-0.003413,0.0054833,,
7.0,rs79573562,-0.0087801,0.0087553,-0.0087801,0.0087553,,
8.0,rs12156383,0.01721058,0.01455365,,,0.01721058,0.01455365
8.0,rs13259407,0.003114529740431237,0.004496330633984137,0.005984,0.0047966,-0.01767547,0.012911
8.0,rs16908966,0.08845136,0.06705453,,,0.08845136,0.06705453
8.0,rs536435544,-0.26719,0.18179,-0.26719,0.18179,,
8.0,rs564781717,0.097253,0.2737,0.097253,0.2737,,
8.0,rs6473486,0.01236349,0.0135074,,,0.01236349,0.0135074
8.0,rs986046,0.0008587818089698065,0.0070707281028725534,0.0022025,0.0075433,-0.00886866,0.02029582
9.0,rs1368679,0.00516431,0.04388342,,,0.00516431,0.04388342
9.0,rs143376632,0.0022232,0.0083729,0.0022232,0.0083729,,
9.0,rs17784476,0.00495704,0.01870762,,,0.00495704,0.01870762
9.0,rs3827677,0.02329925,0.01351664,,,0.02329925,0.01351664
9.0,rs397701810,0.023226,0.012462,0.023226,0.012462,,
9.0,rs529008719,-0.027983,0.032411,-0.027983,0.032411,,
9.0,rs556177282,-0.17051,0.0757,-0.17051,0.0757,,
9.0,rs7038434,0.003078287544926781,0.006969669004572112,0.0045931,0.0073712,-0.00970047,0.02140933
10.0,rs150572446,0.17451,0.15489,0.17451,0.15489,,
10.0,rs75781276,0.024477,0.13682,0.024477,0.13682,,
10.0,rs7910868,-0.024111,0.011646,-0.024111,0.011646,,
11.0,rs111762142,-0.14324,0.15458,-0.14324,0.15458,,
11.0,rs4142611,-0.0037534505052427645,0.0048977495485674595,-0.0065962,0.0052339,0.01626903,0.01389041
11.0,rs562605069,0.36282,0.28346,0.36282,0.28346,,
11.0,rs750186663,-0.191,0.21077,-0.191,0.21077,,
11.0,rs762210613,-0.00036887,0.5196,-0.00036887,0.5196,,
12.0,rs10450740,0.04219673,0.02656004,,,0.04219673,0.02656004
12.0,rs117981805,-0.011016,0.015757,-0.011016,0.015757,,
12.0,rs12301308,-0.001437911437435423,0.005943691480316562,0.00023678,0.0063528,-0.01319846,0.01683494
12.0,rs12370262,-0.00603564437111886,0.007213515388815821,-0.0053784,0.0074953,-0.01428701,0.02655758
12.0,rs2127764,-0.0033759622672013584,0.019204125234929106,0.00207,0.020473,-0.0432697,0.05541107
12.0,rs35908183,-0.0031359,0.011971,-0.0031359,0.011971,,
12.0,rs61909578,0.00064454,0.0073724,0.00064454,0.0073724,,
12.0,rs7302674,0.004347635984738317,0.005781786134321552,0.0055837,0.0062279,-0.00336473,0.01555661
12.0,rs7309679,0.010711922205300537,0.006724920003592928,0.0056887,0.0072038,0.04476989,0.01875771
13.0,rs2184790,0.00980861051101826,0.005641731051805592,0.0071452,0.0060308,0.02847547,0.01596583
14.0,rs182918510,-0.029665,0.12275,-0.029665,0.12275,,
14.0,rs189349458,0.50056,0.65263,0.50056,0.65263,,
14.0,rs745429456,-0.21736,0.19724,-0.21736,0.19724,,
14.0,rs930181,-0.001609371043848658,0.0046354049716330675,0.0011387,0.004956,-0.02081216,0.01310085
15.0,rs9944232,-0.00834066,0.01420279,,,-0.00834066,0.01420279
16.0,rs1040434855,-0.092234,0.24802,-0.092234,0.24802,,
16.0,rs12716768,0.01621440654399258,0.0046503723416192345,0.014531,0.0049107,0.03084081,0.01447497
16.0,rs181159215,0.013646,0.16289,0.013646,0.16289,,
17.0,rs147684927,0.01379,0.0098679,0.01379,0.0098679,,
18.0,rs3113956,-0.0049011,0.13502,-0.0049011,0.13502,,
18.0,rs7228100,0.0033539438540171086,0.004512966760465182,0.0029981,0.0048423,0.00570624,0.01244996
18.0,rs9958441,0.015535,0.027828,0.015535,0.027828,,
19.0,rs447097,0.0043660172785327045,0.005068867838942687,0.004571,0.0053141,0.00229759,0.01688073
19.0,rs4926295,0.0033979,0.005167,0.0033979,0.005167,,
20.0,rs10485505,0.03095825,0.02600888,,,0.03095825,0.02600888
20.0,rs4813669,-0.0037159329908308626,0.004703441434673357,-0.0023275,0.0050262,-0.0134969,0.01334038
21.0,rs74891226,-0.0063843,0.012727,-0.0063843,0.012727,,
22.0,rs5996268,-0.005662922467184699,0.010530400543571197,-0.010112,0.011345,0.02202304,0.02830084
22.0,rs8140385,0.007514487733245535,0.006741243128862779,0.0044667,0.0072586,0.02663728,0.01818177
23.0,rs112649358,-0.012481,0.010688,-0.012481,0.010688,,
23.0,rs112956278,0.20359,0.18394,0.20359,0.18394,,
23.0,rs192661789,0.1569,0.17758,0.1569,0.17758,,
23.0,rs199738945,-0.01326,0.010542,-0.01326,0.010542,,
23.0,rs2843488,0.0098424,0.0056949,0.0098424,0.0056949,,
