chr,rsid,beta_tagc,se_tagc,beta_gbmi,se_gbmi,combined_beta,combined_se
1,rs625149,-0.0042035,0.01287869,-0.0087018,0.0048143,-0.008150274904867942,0.004509517957038724
1,rs12139989,-0.01828543,0.01962521,0.017233,0.0071312,0.013090241327142586,0.006702429428313962
1,rs17463048,0.00270597,0.02009598,0.0061269,0.0059731,0.005849210884963866,0.005725540937948627
1,rs7536446,-0.02012522,0.01595866,-0.005921,0.0065073,-0.00794601304034483,0.006025618603741365
2,rs12470654,0.01855057,0.01304113,-0.0078659,0.0050109,-0.004467531128055902,0.004677492407804415
2,rs1002666,0.01286033,0.01482722,-0.017981,0.0055197,-0.014227125902339068,0.0051728875020360865
3,rs12491355,-0.01147542,0.01637676,-3.2777e-06,0.0061804,-0.00143347235734769,0.005782335646942202
4,rs13142911,0.02603027,0.01497151,-0.0033267,0.0057094,0.00040058798921072396,0.0053346565591381925
5,rs10941272,-0.0005433,0.01261205,0.0081697,0.0047655,0.007081137456891542,0.004457881501785326
6,rs7754362,-0.0074377,0.01487361,-0.015873,0.004881,-0.015052901128815882,0.004637663462398411
7,rs12667860,-0.01995451,0.01539686,0.0048197,0.0057875,0.0017526510044281814,0.0054174212939277775
7,rs2357503,0.04185424,0.0582575,-0.019641,0.017759,-0.01441241222779394,0.01698725847196404
7,rs17093278,0.07258441,0.03463247,0.010817,0.0091277,0.014828892276579124,0.008826294269363922
8,rs13259407,-0.01767547,0.012911,0.005984,0.0047966,0.003114529740431237,0.004496330633984137
8,rs986046,-0.00886866,0.02029582,0.0022025,0.0075433,0.0008587818089698065,0.0070707281028725534
9,rs7038434,-0.00970047,0.02140933,0.0045931,0.0073712,0.003078287544926781,0.006969669004572112
11,rs4142611,0.01626903,0.01389041,-0.0065962,0.0052339,-0.0037534505052427645,0.0048977495485674595
12,rs2127764,-0.0432697,0.05541107,0.00207,0.020473,-0.0033759622672013584,0.019204125234929106
12,rs7309679,0.04476989,0.01875771,0.0056887,0.0072038,0.010711922205300537,0.006724920003592928
12,rs12370262,-0.01428701,0.02655758,-0.0053784,0.0074953,-0.00603564437111886,0.007213515388815821
12,rs12301308,-0.01319846,0.01683494,0.00023678,0.0063528,-0.001437911437435423,0.005943691480316562
12,rs7302674,-0.00336473,0.01555661,0.0055837,0.0062279,0.004347635984738317,0.005781786134321552
13,rs2184790,0.02847547,0.01596583,0.0071452,0.0060308,0.00980861051101826,0.005641731051805592
14,rs930181,-0.02081216,0.01310085,0.0011387,0.004956,-0.001609371043848658,0.0046354049716330675
16,rs12716768,0.03084081,0.01447497,0.014531,0.0049107,0.01621440654399258,0.0046503723416192345
18,rs7228100,0.00570624,0.01244996,0.0029981,0.0048423,0.0033539438540171086,0.004512966760465182
19,rs447097,0.00229759,0.01688073,0.004571,0.0053141,0.0043660172785327045,0.005068867838942687
20,rs4813669,-0.0134969,0.01334038,-0.0023275,0.0050262,-0.0037159329908308626,0.004703441434673357
22,rs8140385,0.02663728,0.01818177,0.0044667,0.0072586,0.007514487733245535,0.006741243128862779
22,rs5996268,0.02202304,0.02830084,-0.010112,0.011345,-0.005662922467184699,0.010530400543571197
